"customerID","InvoiceDate","DueDate","SettledDate","InvoiceAmount","DaysLate","On Time"
"0379-NEVHP","1/2/2013","2/1/2013","1/15/2013","55.94","0","On Time"
"8976-AMJEO","1/26/2013","2/25/2013","3/3/2013","61.74","6","1-30 days"
"2820-XGXSB","7/3/2013","8/2/2013","7/8/2013","65.88","0","On Time"
"9322-YCTQO","2/10/2013","3/12/2013","3/17/2013","105.92","5","1-30 days"
"6627-ELFBK","10/25/2012","11/24/2012","11/28/2012","72.27","4","1-30 days"
"5148-SYKLB","1/27/2012","2/26/2012","2/22/2012","94","0","On Time"
"8690-EEBEO","8/13/2013","9/12/2013","9/9/2013","74.69","0","On Time"
"4460-ZXNDN","12/16/2012","1/15/2013","1/12/2013","75.06","0","On Time"
"3831-FXWYK","5/14/2012","6/13/2012","7/1/2012","80.07","18","1-30 days"
"7654-DOLHO","7/1/2013","7/31/2013","7/26/2013","48.33","0","On Time"
"3993-QUNVJ","3/31/2012","4/30/2012","4/16/2012","75.33","0","On Time"
"5284-DJOZO","8/7/2013","9/6/2013","8/15/2013","73.35","0","On Time"
"5924-UOPGH","5/8/2013","6/7/2013","6/9/2013","90.08","2","1-30 days"
"9117-LYRCE","10/21/2012","11/20/2012","11/30/2012","57.17","10","1-30 days"
"7695-NKUXM","11/7/2012","12/7/2012","11/18/2012","50.02","0","On Time"
"8820-BLYDZ","2/21/2013","3/23/2013","2/28/2013","61.96","0","On Time"
"8976-AMJEO","5/16/2013","6/15/2013","6/4/2013","69.88","0","On Time"
"5148-SYKLB","5/29/2013","6/28/2013","7/10/2013","68.8","12","1-30 days"
"3568-JJMFW","10/20/2013","11/19/2013","11/9/2013","96.23","0","On Time"
"5613-UHVMG","11/30/2012","12/30/2012","1/16/2013","42.01","17","1-30 days"
"6833-ETVHD","11/4/2012","12/4/2012","11/29/2012","86.65","0","On Time"
"7758-WKLVM","6/24/2012","7/24/2012","8/7/2012","71.49","14","1-30 days"
"6004-KITZM","1/6/2013","2/5/2013","1/29/2013","88.16","0","On Time"
"9841-XLGBV","2/16/2013","3/18/2013","3/6/2013","26.44","0","On Time"
"8690-EEBEO","2/18/2012","3/19/2012","3/30/2012","83.33","11","1-30 days"
"8156-PCYBM","1/24/2012","2/23/2012","3/3/2012","72.7","9","1-30 days"
"7946-HJDUR","5/29/2013","6/28/2013","6/22/2013","41.69","0","On Time"
"3831-FXWYK","12/24/2012","1/23/2013","1/31/2013","24.46","8","1-30 days"
"2621-XCLEH","3/31/2013","4/30/2013","5/25/2013","70.93","25","1-30 days"
"8887-NCUZC","5/31/2012","6/30/2012","7/4/2012","40.07","4","1-30 days"
"9286-VLKMI","5/27/2013","6/26/2013","5/29/2013","58.19","0","On Time"
"6833-ETVHD","7/27/2012","8/26/2012","8/18/2012","72.13","0","On Time"
"6160-HCSFI","1/13/2012","2/12/2012","2/4/2012","72.72","0","On Time"
"1080-NDGAE","2/19/2012","3/20/2012","3/26/2012","93.48","6","1-30 days"
"6296-UKEUZ","9/21/2013","10/21/2013","9/25/2013","46.55","0","On Time"
"6831-FIODB","10/23/2012","11/22/2012","11/30/2012","32.58","8","1-30 days"
"6296-UKEUZ","4/23/2013","5/23/2013","4/24/2013","34.63","0","On Time"
"5148-SYKLB","9/28/2012","10/28/2012","10/30/2012","89.15","2","1-30 days"
"0379-NEVHP","8/5/2013","9/4/2013","8/21/2013","43.64","0","On Time"
"7758-WKLVM","12/22/2012","1/21/2013","1/24/2013","44.36","3","1-30 days"
"3993-QUNVJ","2/1/2013","3/3/2013","2/5/2013","56.65","0","On Time"
"9174-IYKOC","8/2/2012","9/1/2012","8/24/2012","58.2","0","On Time"
"2676-DZINU","8/19/2013","9/18/2013","9/6/2013","83.05","0","On Time"
"9014-WENVB","2/13/2013","3/15/2013","3/11/2013","60.03","0","On Time"
"6833-ETVHD","9/11/2012","10/11/2012","9/29/2012","59.01","0","On Time"
"1447-YZKCL","4/27/2013","5/27/2013","5/27/2013","66.85","0","On Time"
"8364-UWVLM","8/20/2012","9/19/2012","10/3/2012","78.83","14","1-30 days"
"9323-NDIOV","9/10/2013","10/10/2013","10/17/2013","65","7","1-30 days"
"5920-DPXLN","8/30/2012","9/29/2012","9/19/2012","57.18","0","On Time"
"6708-DPYTF","8/2/2012","9/1/2012","9/18/2012","74.65","17","1-30 days"
"9014-WENVB","6/9/2012","7/9/2012","7/8/2012","59.85","0","On Time"
"4632-QZOKX","6/10/2012","7/10/2012","7/11/2012","40.54","1","1-30 days"
"2125-HJDLA","9/3/2012","10/3/2012","10/17/2012","51.44","14","1-30 days"
"5592-UQXSS","7/15/2013","8/14/2013","8/2/2013","28.43","0","On Time"
"9725-EZTEJ","11/2/2013","12/2/2013","12/4/2013","78.73","2","1-30 days"
"6177-VTITE","8/29/2012","9/28/2012","9/21/2012","56.26","0","On Time"
"5529-TBPGK","2/10/2013","3/12/2013","3/13/2013","77.26","1","1-30 days"
"4640-FGEJI","9/23/2012","10/23/2012","10/15/2012","64.6","0","On Time"
"5284-DJOZO","1/13/2012","2/12/2012","1/27/2012","54.44","0","On Time"
"0688-XNJRO","8/14/2013","9/13/2013","9/21/2013","49.04","8","1-30 days"
"8389-TCXFQ","12/1/2013","12/31/2013","1/4/2014","70.45","4","1-30 days"
"8820-BLYDZ","10/13/2012","11/12/2012","10/22/2012","66.12","0","On Time"
"9174-IYKOC","9/22/2013","10/22/2013","10/23/2013","49.88","1","1-30 days"
"3569-VJWXS","2/1/2013","3/3/2013","3/5/2013","38.64","2","1-30 days"
"7050-KQLDO","3/8/2012","4/7/2012","4/9/2012","65.7","2","1-30 days"
"5924-UOPGH","3/14/2012","4/13/2012","4/11/2012","67.6","0","On Time"
"9174-IYKOC","12/9/2012","1/8/2013","1/15/2013","35.69","7","1-30 days"
"1080-NDGAE","9/6/2012","10/6/2012","10/13/2012","92.53","7","1-30 days"
"9286-VLKMI","12/28/2012","1/27/2013","1/8/2013","61.59","0","On Time"
"4640-FGEJI","10/20/2013","11/19/2013","11/5/2013","94.47","0","On Time"
"9174-IYKOC","9/10/2012","10/10/2012","10/11/2012","38","1","1-30 days"
"8156-PCYBM","10/31/2012","11/30/2012","11/25/2012","50.24","0","On Time"
"5924-UOPGH","2/7/2012","3/8/2012","3/19/2012","113.76","11","1-30 days"
"4092-ZAVRG","5/7/2012","6/6/2012","5/13/2012","50.96","0","On Time"
"9928-IJYBQ","11/2/2012","12/2/2012","11/26/2012","73.25","0","On Time"
"3993-QUNVJ","1/3/2012","2/2/2012","1/23/2012","50.39","0","On Time"
"0379-NEVHP","10/28/2012","11/27/2012","11/19/2012","76.81","0","On Time"
"6177-VTITE","2/6/2012","3/7/2012","2/20/2012","63.28","0","On Time"
"6048-QPZCF","2/14/2013","3/16/2013","3/17/2013","87.9","1","1-30 days"
"1408-OQZUE","4/5/2012","5/5/2012","5/28/2012","27.05","23","1-30 days"
"8690-EEBEO","2/26/2013","3/28/2013","3/31/2013","53.45","3","1-30 days"
"8389-TCXFQ","1/22/2012","2/21/2012","2/21/2012","72.49","0","On Time"
"4092-ZAVRG","2/27/2013","3/29/2013","3/11/2013","69.65","0","On Time"
"7600-OISKG","7/3/2012","8/2/2012","8/7/2012","61.25","5","1-30 days"
"7758-WKLVM","3/12/2013","4/11/2013","5/6/2013","70.85","25","1-30 days"
"6177-VTITE","11/29/2013","12/29/2013","12/13/2013","41.97","0","On Time"
"7856-ODQFO","11/30/2013","12/30/2013","1/6/2014","49.71","7","1-30 days"
"5196-TWQXF","7/4/2012","8/3/2012","7/26/2012","72.65","0","On Time"
"6048-QPZCF","11/25/2012","12/25/2012","12/1/2012","73.73","0","On Time"
"3448-OWJOT","7/5/2012","8/4/2012","8/13/2012","66.13","9","1-30 days"
"5284-DJOZO","3/23/2013","4/22/2013","3/24/2013","80.71","0","On Time"
"5284-DJOZO","5/25/2013","6/24/2013","6/8/2013","72.85","0","On Time"
"3568-JJMFW","12/27/2012","1/26/2013","1/18/2013","88.5","0","On Time"
"7841-HROAQ","8/2/2012","9/1/2012","9/9/2012","68.53","8","1-30 days"
"5613-UHVMG","11/10/2013","12/10/2013","12/12/2013","60.6","2","1-30 days"
"3271-HYHDN","4/12/2013","5/12/2013","4/17/2013","45.56","0","On Time"
"2447-JCFGW","12/12/2012","1/11/2013","1/5/2013","31.38","0","On Time"
"3598-DNURW","1/30/2012","2/29/2012","2/20/2012","56.37","0","On Time"
"3271-HYHDN","8/10/2013","9/9/2013","8/10/2013","58.78","0","On Time"
"4092-ZAVRG","8/23/2013","9/22/2013","9/11/2013","62.68","0","On Time"
"7050-KQLDO","10/24/2013","11/23/2013","11/15/2013","76.69","0","On Time"
"5196-TWQXF","7/8/2013","8/7/2013","8/2/2013","60","0","On Time"
"7856-ODQFO","4/3/2013","5/3/2013","4/25/2013","37.82","0","On Time"
"9250-VHLWY","5/9/2013","6/8/2013","5/28/2013","29.93","0","On Time"
"2125-HJDLA","3/2/2013","4/1/2013","4/10/2013","26.83","9","1-30 days"
"8942-ERSWK","11/12/2013","12/12/2013","11/15/2013","32.95","0","On Time"
"2820-XGXSB","5/7/2012","6/6/2012","5/8/2012","73.9","0","On Time"
"6077-FDQRK","8/20/2012","9/19/2012","9/15/2012","62.95","0","On Time"
"3568-JJMFW","8/8/2012","9/7/2012","9/4/2012","71.98","0","On Time"
"7245-CKNCN","8/17/2013","9/16/2013","9/4/2013","51.6","0","On Time"
"8942-ERSWK","4/21/2013","5/21/2013","5/10/2013","34.12","0","On Time"
"3598-DNURW","8/9/2012","9/8/2012","9/3/2012","57.34","0","On Time"
"5284-DJOZO","5/3/2012","6/2/2012","5/21/2012","39.51","0","On Time"
"6708-DPYTF","2/13/2012","3/14/2012","3/30/2012","86.74","16","1-30 days"
"4651-PMEXQ","1/4/2013","2/3/2013","1/24/2013","77.46","0","On Time"
"5529-TBPGK","11/20/2012","12/20/2012","12/15/2012","55.81","0","On Time"
"7245-CKNCN","7/20/2013","8/19/2013","8/4/2013","66.28","0","On Time"
"0379-NEVHP","2/14/2013","3/16/2013","3/3/2013","55.21","0","On Time"
"9014-WENVB","4/13/2013","5/13/2013","6/2/2013","65.83","20","1-30 days"
"4460-ZXNDN","10/6/2012","11/5/2012","11/13/2012","80.31","8","1-30 days"
"7856-ODQFO","5/18/2013","6/17/2013","6/7/2013","40.54","0","On Time"
"0706-NRGUP","4/16/2012","5/16/2012","5/22/2012","41.44","6","1-30 days"
"6831-FIODB","5/8/2013","6/7/2013","6/14/2013","36.29","7","1-30 days"
"2687-XWAMA","6/17/2012","7/17/2012","7/24/2012","60.22","7","1-30 days"
"9212-BTDMX","6/2/2013","7/2/2013","6/16/2013","59.71","0","On Time"
"6296-UKEUZ","11/7/2012","12/7/2012","11/29/2012","54.74","0","On Time"
"6048-QPZCF","8/24/2012","9/23/2012","9/19/2012","76.34","0","On Time"
"1408-OQZUE","4/18/2013","5/18/2013","5/23/2013","37.81","5","1-30 days"
"6177-VTITE","12/26/2012","1/25/2013","1/6/2013","8.27","0","On Time"
"8156-PCYBM","3/28/2012","4/27/2012","4/28/2012","64.4","1","1-30 days"
"0465-DTULQ","9/14/2012","10/14/2012","10/17/2012","32.86","3","1-30 days"
"7228-LEPPM","3/9/2012","4/8/2012","4/18/2012","32.17","10","1-30 days"
"9883-SDWFS","4/17/2012","5/17/2012","5/24/2012","28.77","7","1-30 days"
"6632-CGYHU","10/5/2012","11/4/2012","10/23/2012","57.86","0","On Time"
"5573-KSOIA","10/19/2013","11/18/2013","11/16/2013","57.78","0","On Time"
"5164-VMYWJ","2/22/2013","3/24/2013","3/14/2013","90.22","0","On Time"
"6160-HCSFI","8/20/2012","9/19/2012","9/12/2012","65.49","0","On Time"
"5529-TBPGK","7/10/2012","8/9/2012","8/21/2012","57.88","12","1-30 days"
"2676-DZINU","4/26/2012","5/26/2012","5/18/2012","65.01","0","On Time"
"2621-XCLEH","2/21/2012","3/22/2012","4/7/2012","79.51","16","1-30 days"
"8389-TCXFQ","1/30/2013","3/1/2013","2/13/2013","85.5","0","On Time"
"6177-VTITE","2/5/2013","3/7/2013","3/6/2013","39.33","0","On Time"
"7050-KQLDO","6/16/2013","7/16/2013","7/3/2013","62.26","0","On Time"
"9725-EZTEJ","5/2/2012","6/1/2012","5/23/2012","116.78","0","On Time"
"4460-ZXNDN","9/1/2013","10/1/2013","10/16/2013","73.77","15","1-30 days"
"8887-NCUZC","4/16/2013","5/16/2013","5/21/2013","37.38","5","1-30 days"
"5875-VZQCZ","10/30/2012","11/29/2012","11/24/2012","60.8","0","On Time"
"4460-ZXNDN","5/24/2013","6/23/2013","6/25/2013","102.98","2","1-30 days"
"4640-FGEJI","4/19/2012","5/19/2012","5/21/2012","70.02","2","1-30 days"
"0688-XNJRO","12/13/2012","1/12/2013","1/30/2013","36.09","18","1-30 days"
"9883-SDWFS","3/29/2012","4/28/2012","5/13/2012","14.94","15","1-30 days"
"5529-TBPGK","3/12/2013","4/11/2013","4/11/2013","46.63","0","On Time"
"0709-LZRJV","7/7/2012","8/6/2012","8/16/2012","10.92","10","1-30 days"
"8887-NCUZC","5/30/2012","6/29/2012","7/9/2012","42.76","10","1-30 days"
"9841-XLGBV","10/25/2012","11/24/2012","11/16/2012","50.97","0","On Time"
"9212-BTDMX","2/21/2013","3/23/2013","3/1/2013","73.59","0","On Time"
"9928-IJYBQ","3/9/2013","4/8/2013","4/16/2013","46.61","8","1-30 days"
"4092-ZAVRG","9/28/2012","10/28/2012","10/4/2012","60.14","0","On Time"
"2820-XGXSB","5/25/2013","6/24/2013","5/28/2013","56.09","0","On Time"
"0709-LZRJV","9/27/2012","10/27/2012","10/23/2012","61.07","0","On Time"
"4640-FGEJI","3/7/2013","4/6/2013","4/8/2013","90.34","2","1-30 days"
"3568-JJMFW","4/3/2013","5/3/2013","5/3/2013","77.79","0","On Time"
"6627-ELFBK","2/15/2013","3/17/2013","4/1/2013","76.5","15","1-30 days"
"7938-EVASK","8/14/2013","9/13/2013","9/24/2013","44.09","11","1-30 days"
"2447-JCFGW","4/6/2012","5/6/2012","5/3/2012","35.67","0","On Time"
"7654-DOLHO","9/19/2013","10/19/2013","10/13/2013","23.62","0","On Time"
"9149-MATVB","4/1/2013","5/1/2013","4/25/2013","50.95","0","On Time"
"9149-MATVB","12/24/2012","1/23/2013","1/18/2013","64.18","0","On Time"
"4651-PMEXQ","11/3/2012","12/3/2012","11/28/2012","49.01","0","On Time"
"1080-NDGAE","9/12/2013","10/12/2013","10/14/2013","94.57","2","1-30 days"
"8887-NCUZC","2/11/2013","3/13/2013","3/4/2013","26.37","0","On Time"
"7841-HROAQ","6/20/2012","7/20/2012","7/8/2012","63.36","0","On Time"
"2125-HJDLA","10/26/2012","11/25/2012","11/24/2012","43.18","0","On Time"
"6160-HCSFI","10/20/2013","11/19/2013","11/1/2013","92.57","0","On Time"
"8887-NCUZC","11/3/2013","12/3/2013","11/28/2013","52.14","0","On Time"
"5920-DPXLN","4/26/2013","5/26/2013","5/7/2013","68.35","0","On Time"
"8364-UWVLM","5/17/2013","6/16/2013","6/3/2013","69.82","0","On Time"
"5573-KSOIA","12/5/2012","1/4/2013","1/14/2013","75.65","10","1-30 days"
"8102-ABPKQ","8/18/2012","9/17/2012","9/29/2012","57.38","12","1-30 days"
"2125-HJDLA","11/9/2012","12/9/2012","12/5/2012","57.37","0","On Time"
"5924-UOPGH","7/28/2012","8/27/2012","8/18/2012","94.42","0","On Time"
"1604-LIFKX","10/13/2012","11/12/2012","12/1/2012","82.74","19","1-30 days"
"7260-ZHAKS","8/21/2012","9/20/2012","9/7/2012","67.74","0","On Time"
"2026-XLBER","10/7/2013","11/6/2013","10/17/2013","49.73","0","On Time"
"9181-HEKGV","8/27/2012","9/26/2012","9/22/2012","85.06","0","On Time"
"7600-OISKG","7/24/2013","8/23/2013","8/22/2013","48.17","0","On Time"
"9928-IJYBQ","4/3/2012","5/3/2012","5/15/2012","66.25","12","1-30 days"
"9725-EZTEJ","10/13/2012","11/12/2012","11/10/2012","124.38","0","On Time"
"9181-HEKGV","9/29/2013","10/29/2013","11/11/2013","76.09","13","1-30 days"
"7600-OISKG","2/11/2012","3/12/2012","3/12/2012","65.67","0","On Time"
"8820-BLYDZ","3/31/2013","4/30/2013","4/2/2013","73.49","0","On Time"
"5284-DJOZO","4/28/2012","5/28/2012","5/15/2012","67.34","0","On Time"
"1447-YZKCL","5/2/2013","6/1/2013","5/28/2013","56.39","0","On Time"
"7600-OISKG","5/12/2013","6/11/2013","6/15/2013","54.99","4","1-30 days"
"3271-YDPUJ","4/8/2012","5/8/2012","5/25/2012","76.71","17","1-30 days"
"6831-FIODB","4/11/2013","5/11/2013","5/22/2013","41.94","11","1-30 days"
"8102-ABPKQ","6/25/2013","7/25/2013","8/8/2013","80.68","14","1-30 days"
"6004-KITZM","12/9/2012","1/8/2013","12/29/2012","71.71","0","On Time"
"1408-OQZUE","7/4/2013","8/3/2013","8/6/2013","42.36","3","1-30 days"
"8690-EEBEO","3/1/2013","3/31/2013","4/7/2013","61.04","7","1-30 days"
"9212-BTDMX","12/13/2012","1/12/2013","12/28/2012","53.91","0","On Time"
"0625-TNJFG","5/11/2013","6/10/2013","6/5/2013","53.01","0","On Time"
"6831-FIODB","11/27/2012","12/27/2012","12/29/2012","59.71","2","1-30 days"
"5284-DJOZO","10/24/2012","11/23/2012","10/26/2012","94.88","0","On Time"
"5592-UQXSS","10/6/2013","11/5/2013","11/10/2013","43.12","5","1-30 days"
"0688-XNJRO","8/10/2013","9/9/2013","9/18/2013","40.58","9","1-30 days"
"0625-TNJFG","9/7/2013","10/7/2013","10/18/2013","64.16","11","1-30 days"
"9174-IYKOC","5/12/2012","6/11/2012","6/4/2012","74.7","0","On Time"
"5613-UHVMG","11/17/2012","12/17/2012","1/5/2013","63.8","19","1-30 days"
"5573-KSOIA","1/17/2013","2/16/2013","2/28/2013","86.27","12","1-30 days"
"8364-UWVLM","9/15/2013","10/15/2013","10/21/2013","65.36","6","1-30 days"
"5164-VMYWJ","9/1/2013","10/1/2013","10/3/2013","65.9","2","1-30 days"
"3448-OWJOT","7/30/2013","8/29/2013","9/9/2013","66.71","11","1-30 days"
"6077-FDQRK","9/25/2013","10/25/2013","10/25/2013","18.9","0","On Time"
"4640-FGEJI","9/12/2013","10/12/2013","10/5/2013","76.18","0","On Time"
"9758-AIEIK","8/20/2012","9/19/2012","9/7/2012","33.82","0","On Time"
"9212-BTDMX","1/15/2013","2/14/2013","2/4/2013","48.18","0","On Time"
"5573-KSOIA","10/13/2012","11/12/2012","11/30/2012","102.61","18","1-30 days"
"7209-MDWKR","6/24/2013","7/24/2013","7/30/2013","49.68","6","1-30 days"
"5196-TWQXF","4/13/2012","5/13/2012","5/18/2012","77.6","5","1-30 days"
"8942-ERSWK","9/18/2013","10/18/2013","9/22/2013","19.82","0","On Time"
"6708-DPYTF","11/25/2013","12/25/2013","12/31/2013","76.18","6","1-30 days"
"5284-DJOZO","8/4/2012","9/3/2012","9/9/2012","72.95","6","1-30 days"
"1080-NDGAE","2/22/2013","3/24/2013","4/4/2013","93.39","11","1-30 days"
"0783-PEPYR","9/30/2013","10/30/2013","11/10/2013","43.67","11","1-30 days"
"5196-TWQXF","2/25/2012","3/26/2012","4/1/2012","65.6","6","1-30 days"
"0379-NEVHP","9/1/2012","10/1/2012","9/23/2012","69.55","0","On Time"
"6048-QPZCF","3/19/2012","4/18/2012","3/24/2012","73.92","0","On Time"
"5875-VZQCZ","9/18/2013","10/18/2013","10/2/2013","46.17","0","On Time"
"5920-DPXLN","5/5/2012","6/4/2012","5/24/2012","82.2","0","On Time"
"9883-SDWFS","5/8/2012","6/7/2012","6/20/2012","41.25","13","1-30 days"
"9149-MATVB","3/14/2013","4/13/2013","4/16/2013","23.92","3","1-30 days"
"6627-ELFBK","3/27/2013","4/26/2013","5/4/2013","71.39","8","1-30 days"
"5529-TBPGK","12/25/2012","1/24/2013","2/11/2013","37.97","18","1-30 days"
"6048-QPZCF","2/8/2012","3/9/2012","3/1/2012","86.44","0","On Time"
"7245-CKNCN","9/14/2013","10/14/2013","9/26/2013","92.77","0","On Time"
"3831-FXWYK","9/27/2013","10/27/2013","10/23/2013","53.05","0","On Time"
"8364-UWVLM","6/30/2012","7/30/2012","8/5/2012","74.84","6","1-30 days"
"7600-OISKG","4/30/2012","5/30/2012","5/30/2012","97.06","0","On Time"
"6391-GBFQJ","2/9/2012","3/10/2012","2/25/2012","6.43","0","On Time"
"4092-ZAVRG","10/23/2012","11/22/2012","11/21/2012","84.43","0","On Time"
"6831-FIODB","5/22/2013","6/21/2013","6/16/2013","51.92","0","On Time"
"0465-DTULQ","3/1/2013","3/31/2013","3/31/2013","68.35","0","On Time"
"6833-ETVHD","4/23/2012","5/23/2012","5/16/2012","73.87","0","On Time"
"2447-JCFGW","1/24/2013","2/23/2013","2/13/2013","73.28","0","On Time"
"5529-TBPGK","5/29/2012","6/28/2012","6/29/2012","64.78","1","1-30 days"
"5924-UOPGH","4/13/2012","5/13/2012","5/1/2012","84.43","0","On Time"
"3569-VJWXS","8/18/2012","9/17/2012","9/15/2012","102.96","0","On Time"
"9181-HEKGV","8/21/2013","9/20/2013","10/9/2013","72.55","19","1-30 days"
"8976-AMJEO","11/11/2012","12/11/2012","12/7/2012","59.8","0","On Time"
"1080-NDGAE","1/5/2012","2/4/2012","2/13/2012","78.29","9","1-30 days"
"6077-FDQRK","12/30/2012","1/29/2013","1/16/2013","49.84","0","On Time"
"7841-HROAQ","5/18/2013","6/17/2013","6/14/2013","64.3","0","On Time"
"7938-EVASK","7/5/2012","8/4/2012","8/8/2012","59.67","4","1-30 days"
"0688-XNJRO","12/10/2012","1/9/2013","1/17/2013","30.98","8","1-30 days"
"7946-HJDUR","4/22/2013","5/22/2013","5/15/2013","49.03","0","On Time"
"7245-CKNCN","9/10/2012","10/10/2012","9/29/2012","85.36","0","On Time"
"4640-FGEJI","11/2/2012","12/2/2012","12/5/2012","99.34","3","1-30 days"
"0379-NEVHP","6/5/2013","7/5/2013","6/19/2013","57.04","0","On Time"
"4640-FGEJI","6/17/2012","7/17/2012","7/28/2012","58.13","11","1-30 days"
"4460-ZXNDN","1/15/2013","2/14/2013","3/10/2013","72.05","24","1-30 days"
"7938-EVASK","7/17/2013","8/16/2013","8/14/2013","72.1","0","On Time"
"0706-NRGUP","11/24/2012","12/24/2012","1/10/2013","39.62","17","1-30 days"
"0688-XNJRO","6/7/2012","7/7/2012","7/28/2012","45.79","21","1-30 days"
"9181-HEKGV","1/27/2012","2/26/2012","3/8/2012","86.92","11","1-30 days"
"5920-DPXLN","11/4/2012","12/4/2012","12/9/2012","58.73","5","1-30 days"
"3831-FXWYK","11/24/2012","12/24/2012","1/3/2013","83.66","10","1-30 days"
"9883-SDWFS","9/14/2012","10/14/2012","10/19/2012","33.86","5","1-30 days"
"1408-OQZUE","2/21/2012","3/22/2012","4/21/2012","26.05","30","1-30 days"
"6160-HCSFI","6/14/2012","7/14/2012","7/2/2012","65.57","0","On Time"
"7245-CKNCN","6/6/2013","7/6/2013","6/20/2013","67.19","0","On Time"
"3568-JJMFW","7/27/2013","8/26/2013","8/23/2013","70.86","0","On Time"
"5196-TWQXF","9/16/2013","10/16/2013","10/6/2013","37.22","0","On Time"
"9117-LYRCE","11/11/2012","12/11/2012","12/17/2012","11.13","6","1-30 days"
"5529-TBPGK","7/7/2012","8/6/2012","8/6/2012","79.09","0","On Time"
"1168-BEASA","4/14/2013","5/14/2013","5/4/2013","57","0","On Time"
"7228-LEPPM","4/12/2013","5/12/2013","5/19/2013","52.67","7","1-30 days"
"5148-SYKLB","11/21/2013","12/21/2013","12/23/2013","75.54","2","1-30 days"
"0783-PEPYR","11/6/2013","12/6/2013","12/6/2013","71.78","0","On Time"
"7372-CESLR","2/17/2012","3/18/2012","3/8/2012","20.8","0","On Time"
"9250-VHLWY","10/3/2013","11/2/2013","10/22/2013","53.85","0","On Time"
"7841-HROAQ","2/10/2013","3/12/2013","3/7/2013","91.89","0","On Time"
"9149-MATVB","8/15/2012","9/14/2012","9/19/2012","48.02","5","1-30 days"
"9323-NDIOV","10/19/2012","11/18/2012","11/18/2012","20.23","0","On Time"
"3448-OWJOT","3/14/2012","4/13/2012","4/28/2012","86.1","15","1-30 days"
"7260-ZHAKS","8/30/2012","9/29/2012","9/21/2012","60.64","0","On Time"
"9883-SDWFS","2/3/2013","3/5/2013","3/17/2013","41.96","12","1-30 days"
"9212-BTDMX","4/8/2013","5/8/2013","4/25/2013","64.81","0","On Time"
"6632-CGYHU","3/29/2013","4/28/2013","4/7/2013","85.33","0","On Time"
"9181-HEKGV","5/20/2013","6/19/2013","6/21/2013","75.18","2","1-30 days"
"8976-AMJEO","5/21/2012","6/20/2012","6/19/2012","84.81","0","On Time"
"4640-FGEJI","9/2/2012","10/2/2012","10/14/2012","68.57","12","1-30 days"
"9883-SDWFS","9/10/2013","10/10/2013","10/10/2013","46.73","0","On Time"
"7856-ODQFO","11/4/2012","12/4/2012","11/24/2012","30.4","0","On Time"
"2125-HJDLA","12/7/2012","1/6/2013","12/31/2012","42.29","0","On Time"
"5613-UHVMG","4/24/2013","5/24/2013","6/2/2013","74.11","9","1-30 days"
"3271-HYHDN","5/3/2012","6/2/2012","5/8/2012","27.53","0","On Time"
"4640-FGEJI","6/30/2013","7/30/2013","7/19/2013","97.75","0","On Time"
"6177-VTITE","6/25/2012","7/25/2012","7/15/2012","71.35","0","On Time"
"5875-VZQCZ","5/27/2013","6/26/2013","6/25/2013","55.99","0","On Time"
"3569-VJWXS","1/27/2012","2/26/2012","2/29/2012","58.71","3","1-30 days"
"5196-TWQXF","12/4/2012","1/3/2013","12/27/2012","61.73","0","On Time"
"8690-EEBEO","6/15/2012","7/15/2012","7/27/2012","51.35","12","1-30 days"
"9286-VLKMI","11/27/2013","12/27/2013","12/7/2013","74.75","0","On Time"
"3271-HYHDN","5/7/2012","6/6/2012","5/15/2012","60.55","0","On Time"
"6160-HCSFI","8/22/2012","9/21/2012","9/8/2012","61.84","0","On Time"
"5924-UOPGH","9/15/2012","10/15/2012","10/29/2012","96.74","14","1-30 days"
"5613-UHVMG","9/28/2013","10/28/2013","11/8/2013","67.08","11","1-30 days"
"6077-FDQRK","4/6/2012","5/6/2012","4/30/2012","82.4","0","On Time"
"3569-VJWXS","8/7/2012","9/6/2012","9/11/2012","92.18","5","1-30 days"
"2423-QOKIO","8/6/2012","9/5/2012","9/17/2012","47.86","12","1-30 days"
"7946-HJDUR","8/8/2012","9/7/2012","9/12/2012","58.32","5","1-30 days"
"9149-MATVB","1/26/2013","2/25/2013","2/24/2013","25.73","0","On Time"
"7600-OISKG","11/5/2012","12/5/2012","11/29/2012","87.51","0","On Time"
"7946-HJDUR","7/3/2012","8/2/2012","7/26/2012","79.05","0","On Time"
"0465-DTULQ","5/27/2012","6/26/2012","6/20/2012","43.09","0","On Time"
"9323-NDIOV","1/14/2012","2/13/2012","2/29/2012","47.48","16","1-30 days"
"0625-TNJFG","3/6/2012","4/5/2012","3/28/2012","41.89","0","On Time"
"1168-BEASA","5/1/2013","5/31/2013","6/15/2013","49.96","15","1-30 days"
"5573-KSOIA","3/31/2013","4/30/2013","5/2/2013","57.12","2","1-30 days"
"6833-ETVHD","11/12/2012","12/12/2012","11/25/2012","72.88","0","On Time"
"3676-CQAIF","5/17/2012","6/16/2012","6/26/2012","41.29","10","1-30 days"
"9322-YCTQO","4/29/2013","5/29/2013","5/24/2013","54.5","0","On Time"
"2824-HJQPP","10/26/2012","11/25/2012","11/17/2012","46.05","0","On Time"
"9149-MATVB","10/10/2012","11/9/2012","11/9/2012","45.31","0","On Time"
"2423-QOKIO","2/26/2012","3/27/2012","3/18/2012","56.42","0","On Time"
"7946-HJDUR","6/21/2013","7/21/2013","7/21/2013","58.4","0","On Time"
"9322-YCTQO","7/12/2013","8/11/2013","8/12/2013","92.35","1","1-30 days"
"3569-VJWXS","12/25/2012","1/24/2013","1/16/2013","59.32","0","On Time"
"4632-QZOKX","2/18/2012","3/19/2012","4/4/2012","72.18","16","1-30 days"
"3448-OWJOT","1/15/2012","2/14/2012","2/16/2012","48.64","2","1-30 days"
"9460-VAZGD","9/16/2012","10/16/2012","10/5/2012","58.21","0","On Time"
"5875-VZQCZ","9/13/2013","10/13/2013","9/25/2013","76.03","0","On Time"
"3993-QUNVJ","3/18/2012","4/17/2012","4/2/2012","60.93","0","On Time"
"3271-HYHDN","10/13/2012","11/12/2012","10/18/2012","58.41","0","On Time"
"9181-HEKGV","6/21/2012","7/21/2012","7/12/2012","90","0","On Time"
"7946-HJDUR","10/21/2012","11/20/2012","11/16/2012","41.84","0","On Time"
"3993-QUNVJ","10/30/2013","11/29/2013","11/10/2013","61.54","0","On Time"
"0688-XNJRO","9/3/2012","10/3/2012","10/13/2012","28.51","10","1-30 days"
"3676-CQAIF","11/26/2013","12/26/2013","12/31/2013","52.38","5","1-30 days"
"8102-ABPKQ","2/20/2013","3/22/2013","3/27/2013","53.11","5","1-30 days"
"6708-DPYTF","2/1/2012","3/2/2012","3/14/2012","80.31","12","1-30 days"
"0709-LZRJV","7/27/2013","8/26/2013","8/15/2013","58.68","0","On Time"
"4651-PMEXQ","2/2/2013","3/4/2013","2/17/2013","80.5","0","On Time"
"8364-UWVLM","10/19/2012","11/18/2012","11/10/2012","75.11","0","On Time"
"0465-DTULQ","4/23/2013","5/23/2013","5/19/2013","27","0","On Time"
"7050-KQLDO","9/4/2012","10/4/2012","10/7/2012","76.8","3","1-30 days"
"6048-QPZCF","11/6/2013","12/6/2013","11/7/2013","78.83","0","On Time"
"5529-TBPGK","10/29/2012","11/28/2012","12/2/2012","53.13","4","1-30 days"
"3598-DNURW","9/12/2012","10/12/2012","9/28/2012","56.44","0","On Time"
"0379-NEVHP","1/5/2013","2/4/2013","1/26/2013","61.11","0","On Time"
"2676-DZINU","9/30/2012","10/30/2012","10/22/2012","81.25","0","On Time"
"3448-OWJOT","9/1/2012","10/1/2012","10/16/2012","70.1","15","1-30 days"
"7209-MDWKR","11/14/2013","12/14/2013","12/7/2013","80.14","0","On Time"
"9460-VAZGD","6/29/2013","7/29/2013","7/18/2013","72.17","0","On Time"
"5284-DJOZO","10/19/2013","11/18/2013","10/26/2013","72.19","0","On Time"
"1080-NDGAE","10/22/2013","11/21/2013","11/13/2013","94.19","0","On Time"
"1408-OQZUE","12/25/2012","1/24/2013","1/23/2013","28.07","0","On Time"
"2820-XGXSB","6/16/2013","7/16/2013","6/25/2013","51.52","0","On Time"
"7841-HROAQ","11/11/2013","12/11/2013","11/20/2013","72.62","0","On Time"
"9149-MATVB","10/24/2012","11/23/2012","11/21/2012","22.47","0","On Time"
"7695-NKUXM","3/21/2012","4/20/2012","4/11/2012","40.68","0","On Time"
"5924-UOPGH","11/28/2012","12/28/2012","12/24/2012","63.76","0","On Time"
"7228-LEPPM","7/30/2012","8/29/2012","8/28/2012","61.86","0","On Time"
"5164-VMYWJ","10/18/2012","11/17/2012","11/3/2012","70.42","0","On Time"
"9212-BTDMX","12/8/2012","1/7/2013","12/27/2012","53.99","0","On Time"
"9212-BTDMX","11/13/2013","12/13/2013","11/30/2013","45.2","0","On Time"
"0625-TNJFG","6/19/2012","7/19/2012","7/5/2012","48.08","0","On Time"
"0688-XNJRO","11/24/2013","12/24/2013","1/8/2014","25.19","15","1-30 days"
"5920-DPXLN","10/23/2012","11/22/2012","11/9/2012","69.11","0","On Time"
"2687-XWAMA","7/28/2013","8/27/2013","8/2/2013","49.13","0","On Time"
"8102-ABPKQ","3/15/2012","4/14/2012","5/5/2012","66.88","21","1-30 days"
"6708-DPYTF","8/4/2012","9/3/2012","9/4/2012","46.29","1","1-30 days"
"9117-LYRCE","4/14/2013","5/14/2013","6/8/2013","45.6","25","1-30 days"
"3271-HYHDN","9/18/2012","10/18/2012","9/21/2012","24.33","0","On Time"
"6708-DPYTF","11/7/2013","12/7/2013","12/15/2013","66.92","8","1-30 days"
"9014-WENVB","3/14/2013","4/13/2013","4/27/2013","78.25","14","1-30 days"
"9883-SDWFS","5/9/2012","6/8/2012","6/2/2012","19.23","0","On Time"
"9117-LYRCE","5/28/2013","6/27/2013","6/24/2013","67.72","0","On Time"
"8364-UWVLM","2/16/2013","3/18/2013","3/7/2013","53.51","0","On Time"
"5875-VZQCZ","9/26/2012","10/26/2012","10/27/2012","56.57","1","1-30 days"
"2820-XGXSB","10/29/2012","11/28/2012","11/2/2012","71.85","0","On Time"
"7329-TWKLF","6/30/2013","7/30/2013","7/21/2013","85.35","0","On Time"
"3448-OWJOT","3/12/2013","4/11/2013","4/14/2013","49.97","3","1-30 days"
"3569-VJWXS","12/19/2012","1/18/2013","1/13/2013","63.48","0","On Time"
"4460-ZXNDN","10/9/2012","11/8/2012","12/1/2012","76.79","23","1-30 days"
"3271-YDPUJ","2/16/2012","3/17/2012","3/14/2012","28.22","0","On Time"
"6160-HCSFI","12/27/2012","1/26/2013","1/13/2013","72.26","0","On Time"
"4640-FGEJI","4/13/2013","5/13/2013","4/22/2013","75.55","0","On Time"
"9841-XLGBV","11/4/2013","12/4/2013","11/26/2013","65.96","0","On Time"
"1080-NDGAE","2/20/2013","3/22/2013","3/21/2013","107.94","0","On Time"
"8102-ABPKQ","3/4/2012","4/3/2012","4/20/2012","83.15","17","1-30 days"
"6296-UKEUZ","8/13/2012","9/12/2012","8/16/2012","31.9","0","On Time"
"7372-CESLR","12/4/2012","1/3/2013","12/27/2012","28.78","0","On Time"
"3271-HYHDN","11/19/2012","12/19/2012","11/25/2012","61.52","0","On Time"
"5592-UQXSS","7/27/2012","8/26/2012","9/7/2012","57.14","12","1-30 days"
"4640-FGEJI","1/1/2013","1/31/2013","1/16/2013","80.27","0","On Time"
"5148-SYKLB","4/19/2012","5/19/2012","5/18/2012","93.99","0","On Time"
"9286-VLKMI","10/2/2013","11/1/2013","10/3/2013","68.48","0","On Time"
"3831-FXWYK","7/23/2013","8/22/2013","8/28/2013","65.55","6","1-30 days"
"9149-MATVB","7/13/2013","8/12/2013","8/7/2013","51.13","0","On Time"
"9174-IYKOC","9/10/2013","10/10/2013","9/29/2013","63.58","0","On Time"
"5924-UOPGH","7/27/2012","8/26/2012","8/11/2012","59.28","0","On Time"
"0379-NEVHP","5/17/2013","6/16/2013","6/12/2013","78.57","0","On Time"
"5196-TWQXF","8/12/2012","9/11/2012","8/28/2012","49.75","0","On Time"
"5875-VZQCZ","10/26/2012","11/25/2012","11/25/2012","87.55","0","On Time"
"8942-ERSWK","4/15/2013","5/15/2013","4/25/2013","22.01","0","On Time"
"4651-PMEXQ","10/24/2012","11/23/2012","11/17/2012","77.71","0","On Time"
"9841-XLGBV","1/9/2012","2/8/2012","2/6/2012","41.99","0","On Time"
"1408-OQZUE","10/14/2013","11/13/2013","11/11/2013","54.23","0","On Time"
"5573-KSOIA","7/16/2012","8/15/2012","8/19/2012","100.63","4","1-30 days"
"5592-UQXSS","11/26/2013","12/26/2013","12/21/2013","44.04","0","On Time"
"7228-LEPPM","1/29/2012","2/28/2012","3/21/2012","27.63","22","1-30 days"
"1408-OQZUE","2/21/2012","3/22/2012","3/28/2012","45.08","6","1-30 days"
"6160-HCSFI","3/13/2012","4/12/2012","4/9/2012","76.21","0","On Time"
"7841-HROAQ","12/15/2012","1/14/2013","1/28/2013","54.27","14","1-30 days"
"7260-ZHAKS","3/20/2012","4/19/2012","4/25/2012","82.98","6","1-30 days"
"1447-YZKCL","1/17/2013","2/16/2013","2/22/2013","88.36","6","1-30 days"
"1080-NDGAE","7/10/2013","8/9/2013","8/5/2013","83.49","0","On Time"
"9286-VLKMI","5/20/2013","6/19/2013","5/21/2013","66.16","0","On Time"
"1408-OQZUE","5/12/2012","6/11/2012","6/20/2012","47.42","9","1-30 days"
"5196-TWQXF","7/30/2012","8/29/2012","8/18/2012","62.28","0","On Time"
"2026-XLBER","4/24/2012","5/24/2012","5/12/2012","60.93","0","On Time"
"7329-TWKLF","6/10/2013","7/10/2013","7/3/2013","63.67","0","On Time"
"6048-QPZCF","5/24/2013","6/23/2013","5/29/2013","72.42","0","On Time"
"2820-XGXSB","11/20/2013","12/20/2013","11/26/2013","82.41","0","On Time"
"9460-VAZGD","1/1/2013","1/31/2013","1/28/2013","62.32","0","On Time"
"9174-IYKOC","1/6/2013","2/5/2013","1/19/2013","73.09","0","On Time"
"8364-UWVLM","2/13/2013","3/15/2013","2/27/2013","92.1","0","On Time"
"8820-BLYDZ","7/23/2012","8/22/2012","7/30/2012","85.33","0","On Time"
"9725-EZTEJ","11/30/2012","12/30/2012","1/2/2013","86.44","3","1-30 days"
"9771-QTLGZ","4/21/2013","5/21/2013","5/8/2013","40.38","0","On Time"
"2423-QOKIO","7/1/2012","7/31/2012","7/30/2012","67.38","0","On Time"
"5529-TBPGK","11/28/2012","12/28/2012","12/28/2012","48.75","0","On Time"
"7841-HROAQ","4/24/2012","5/24/2012","5/18/2012","71.68","0","On Time"
"9758-AIEIK","6/20/2013","7/20/2013","7/12/2013","49.46","0","On Time"
"8690-EEBEO","9/16/2013","10/16/2013","10/8/2013","36.97","0","On Time"
"0709-LZRJV","6/11/2013","7/11/2013","7/22/2013","51.45","11","1-30 days"
"8389-TCXFQ","10/22/2012","11/21/2012","11/20/2012","61.6","0","On Time"
"0465-DTULQ","8/1/2012","8/31/2012","9/5/2012","61","5","1-30 days"
"9322-YCTQO","12/24/2012","1/23/2013","1/25/2013","75.19","2","1-30 days"
"8690-EEBEO","4/8/2012","5/8/2012","5/15/2012","71.72","7","1-30 days"
"7050-KQLDO","9/20/2013","10/20/2013","10/24/2013","88.99","4","1-30 days"
"0783-PEPYR","5/15/2012","6/14/2012","6/18/2012","81.1","4","1-30 days"
"6708-DPYTF","9/11/2013","10/11/2013","10/10/2013","79.52","0","On Time"
"0187-ERLSR","9/5/2012","10/5/2012","9/14/2012","84.57","0","On Time"
"4640-FGEJI","9/19/2013","10/19/2013","10/7/2013","72.09","0","On Time"
"9883-SDWFS","9/18/2013","10/18/2013","10/30/2013","75.39","12","1-30 days"
"7758-WKLVM","9/23/2012","10/23/2012","10/30/2012","41.7","7","1-30 days"
"6391-GBFQJ","7/21/2013","8/20/2013","8/17/2013","8.36","0","On Time"
"6160-HCSFI","8/22/2013","9/21/2013","9/4/2013","76.85","0","On Time"
"8887-NCUZC","5/24/2013","6/23/2013","6/28/2013","51.66","5","1-30 days"
"1168-BEASA","11/25/2012","12/25/2012","12/18/2012","65.5","0","On Time"
"4640-FGEJI","10/14/2012","11/13/2012","11/12/2012","62.43","0","On Time"
"9883-SDWFS","1/7/2012","2/6/2012","2/10/2012","46.33","4","1-30 days"
"8156-PCYBM","3/22/2012","4/21/2012","4/16/2012","42.61","0","On Time"
"4092-ZAVRG","8/14/2013","9/13/2013","8/15/2013","78.44","0","On Time"
"9286-VLKMI","11/9/2013","12/9/2013","11/24/2013","72.93","0","On Time"
"3993-QUNVJ","7/15/2012","8/14/2012","7/30/2012","48.65","0","On Time"
"3271-HYHDN","11/9/2013","12/9/2013","11/11/2013","56.28","0","On Time"
"8887-NCUZC","4/10/2012","5/10/2012","6/3/2012","59.56","24","1-30 days"
"5284-DJOZO","2/24/2012","3/25/2012","3/26/2012","44.76","1","1-30 days"
"9323-NDIOV","11/13/2013","12/13/2013","12/16/2013","44.56","3","1-30 days"
"9758-AIEIK","5/1/2012","5/31/2012","6/8/2012","56.25","8","1-30 days"
"4640-FGEJI","11/8/2013","12/8/2013","11/26/2013","86.04","0","On Time"
"5284-DJOZO","5/25/2012","6/24/2012","6/10/2012","68.35","0","On Time"
"6391-GBFQJ","6/17/2012","7/17/2012","7/2/2012","8.03","0","On Time"
"3676-CQAIF","6/4/2012","7/4/2012","7/23/2012","57.09","19","1-30 days"
"7228-LEPPM","9/12/2012","10/12/2012","10/31/2012","61.86","19","1-30 days"
"5920-DPXLN","11/8/2013","12/8/2013","11/20/2013","81.47","0","On Time"
"3993-QUNVJ","7/17/2012","8/16/2012","8/9/2012","56.21","0","On Time"
"9174-IYKOC","11/16/2013","12/16/2013","12/9/2013","57.12","0","On Time"
"5196-TWQXF","6/9/2012","7/9/2012","7/1/2012","64.99","0","On Time"
"0688-XNJRO","6/5/2013","7/5/2013","8/3/2013","43.07","29","1-30 days"
"9014-WENVB","7/1/2012","7/31/2012","7/29/2012","72.69","0","On Time"
"9149-MATVB","11/15/2013","12/15/2013","12/8/2013","46.06","0","On Time"
"7938-EVASK","4/29/2012","5/29/2012","6/1/2012","65.45","3","1-30 days"
"8156-PCYBM","8/20/2012","9/19/2012","9/5/2012","61.58","0","On Time"
"8942-ERSWK","12/2/2012","1/1/2013","12/14/2012","23.5","0","On Time"
"7329-TWKLF","8/18/2013","9/17/2013","9/19/2013","61.71","2","1-30 days"
"9014-WENVB","6/22/2013","7/22/2013","7/22/2013","61.2","0","On Time"
"0783-PEPYR","5/7/2013","6/6/2013","6/23/2013","61.13","17","1-30 days"
"7228-LEPPM","2/11/2012","3/12/2012","3/21/2012","45","9","1-30 days"
"7228-LEPPM","4/11/2013","5/11/2013","5/13/2013","43.06","2","1-30 days"
"8942-ERSWK","1/25/2012","2/24/2012","2/20/2012","7.55","0","On Time"
"8690-EEBEO","5/31/2013","6/30/2013","7/8/2013","62.35","8","1-30 days"
"5164-VMYWJ","7/26/2012","8/25/2012","9/2/2012","78.22","8","1-30 days"
"8389-TCXFQ","9/22/2013","10/22/2013","10/22/2013","67.76","0","On Time"
"1604-LIFKX","6/12/2013","7/12/2013","7/26/2013","44.91","14","1-30 days"
"9771-QTLGZ","1/20/2012","2/19/2012","2/15/2012","56.51","0","On Time"
"6833-ETVHD","10/14/2012","11/13/2012","10/29/2012","68.17","0","On Time"
"5875-VZQCZ","1/13/2012","2/12/2012","2/4/2012","87.89","0","On Time"
"7600-OISKG","5/19/2013","6/18/2013","6/17/2013","59.99","0","On Time"
"6048-QPZCF","7/28/2012","8/27/2012","8/1/2012","75.54","0","On Time"
"9460-VAZGD","9/21/2013","10/21/2013","10/10/2013","8.63","0","On Time"
"7758-WKLVM","8/21/2012","9/20/2012","9/21/2012","60.87","1","1-30 days"
"9250-VHLWY","12/3/2012","1/2/2013","1/1/2013","51.05","0","On Time"
"5573-KSOIA","4/29/2013","5/29/2013","6/3/2013","89.46","5","1-30 days"
"4460-ZXNDN","5/8/2012","6/7/2012","6/27/2012","61.86","20","1-30 days"
"9212-BTDMX","7/26/2012","8/25/2012","8/13/2012","51.56","0","On Time"
"9883-SDWFS","9/12/2012","10/12/2012","10/19/2012","29.51","7","1-30 days"
"6833-ETVHD","1/26/2013","2/25/2013","2/15/2013","63.82","0","On Time"
"7946-HJDUR","4/13/2012","5/13/2012","5/6/2012","45.35","0","On Time"
"9149-MATVB","12/13/2012","1/12/2013","12/27/2012","67.27","0","On Time"
"6048-QPZCF","5/17/2013","6/16/2013","6/6/2013","76.72","0","On Time"
"7600-OISKG","8/30/2012","9/29/2012","10/6/2012","74.43","7","1-30 days"
"3568-JJMFW","9/5/2013","10/5/2013","9/26/2013","67.5","0","On Time"
"8887-NCUZC","7/17/2012","8/16/2012","9/7/2012","57.63","22","1-30 days"
"3569-VJWXS","10/4/2013","11/3/2013","11/9/2013","80.32","6","1-30 days"
"5592-UQXSS","10/17/2013","11/16/2013","11/23/2013","22.06","7","1-30 days"
"8887-NCUZC","8/29/2012","9/28/2012","9/30/2012","38.37","2","1-30 days"
"4651-PMEXQ","10/25/2013","11/24/2013","11/23/2013","78.74","0","On Time"
"9250-VHLWY","6/12/2012","7/12/2012","7/13/2012","31.96","1","1-30 days"
"8820-BLYDZ","4/2/2012","5/2/2012","4/12/2012","69.97","0","On Time"
"9725-EZTEJ","7/30/2012","8/29/2012","9/2/2012","74.95","4","1-30 days"
"8156-PCYBM","1/17/2013","2/16/2013","2/22/2013","62.12","6","1-30 days"
"5920-DPXLN","12/23/2012","1/22/2013","1/13/2013","62.58","0","On Time"
"9250-VHLWY","3/15/2013","4/14/2013","4/5/2013","47.82","0","On Time"
"9250-VHLWY","5/29/2012","6/28/2012","6/20/2012","57.07","0","On Time"
"6004-KITZM","4/18/2013","5/18/2013","5/2/2013","56.17","0","On Time"
"8364-UWVLM","3/21/2013","4/20/2013","4/13/2013","83.02","0","On Time"
"1604-LIFKX","11/25/2012","12/25/2012","1/13/2013","73.1","19","1-30 days"
"4092-ZAVRG","8/6/2012","9/5/2012","8/10/2012","92.36","0","On Time"
"9117-LYRCE","1/25/2012","2/24/2012","3/6/2012","22.09","11","1-30 days"
"9322-YCTQO","9/6/2013","10/6/2013","10/11/2013","114.54","5","1-30 days"
"1080-NDGAE","1/25/2013","2/24/2013","3/2/2013","79.79","6","1-30 days"
"5875-VZQCZ","4/23/2013","5/23/2013","5/16/2013","73.71","0","On Time"
"9117-LYRCE","5/29/2012","6/28/2012","7/4/2012","55.55","6","1-30 days"
"7946-HJDUR","8/11/2013","9/10/2013","9/14/2013","67.34","4","1-30 days"
"9771-QTLGZ","5/19/2012","6/18/2012","6/16/2012","68.89","0","On Time"
"7841-HROAQ","11/18/2013","12/18/2013","12/6/2013","60.46","0","On Time"
"9323-NDIOV","8/9/2013","9/8/2013","9/5/2013","61.06","0","On Time"
"1604-LIFKX","9/25/2013","10/25/2013","11/5/2013","66.32","11","1-30 days"
"3598-DNURW","1/3/2013","2/2/2013","1/15/2013","49.51","0","On Time"
"3676-CQAIF","7/21/2013","8/20/2013","8/6/2013","20.55","0","On Time"
"9149-MATVB","11/5/2013","12/5/2013","11/19/2013","43.26","0","On Time"
"3271-YDPUJ","5/7/2013","6/6/2013","6/13/2013","24.39","7","1-30 days"
"9212-BTDMX","8/10/2013","9/9/2013","8/20/2013","64.35","0","On Time"
"5284-DJOZO","8/21/2013","9/20/2013","8/24/2013","98.88","0","On Time"
"8887-NCUZC","6/17/2012","7/17/2012","7/19/2012","40.38","2","1-30 days"
"9771-QTLGZ","9/23/2013","10/23/2013","10/11/2013","56.54","0","On Time"
"0465-DTULQ","9/3/2012","10/3/2012","10/23/2012","43.41","20","1-30 days"
"6708-DPYTF","3/24/2012","4/23/2012","5/5/2012","92.76","12","1-30 days"
"7209-MDWKR","12/2/2013","1/1/2014","12/28/2013","67.69","0","On Time"
"6627-ELFBK","1/6/2012","2/5/2012","2/3/2012","47.07","0","On Time"
"9286-VLKMI","10/29/2013","11/28/2013","11/13/2013","76.74","0","On Time"
"9149-MATVB","10/19/2012","11/18/2012","11/10/2012","45.61","0","On Time"
"8820-BLYDZ","2/6/2012","3/7/2012","2/19/2012","71.46","0","On Time"
"4632-QZOKX","5/7/2013","6/6/2013","6/6/2013","50.22","0","On Time"
"4460-ZXNDN","3/9/2013","4/8/2013","4/16/2013","32.97","8","1-30 days"
"7228-LEPPM","7/10/2012","8/9/2012","8/27/2012","51.32","18","1-30 days"
"8690-EEBEO","4/18/2013","5/18/2013","5/18/2013","74.89","0","On Time"
"5196-TWQXF","1/2/2013","2/1/2013","1/25/2013","45.71","0","On Time"
"8690-EEBEO","11/30/2013","12/30/2013","1/2/2014","56.21","3","1-30 days"
"0706-NRGUP","10/5/2013","11/4/2013","10/26/2013","35.7","0","On Time"
"9928-IJYBQ","1/12/2013","2/11/2013","2/12/2013","52.07","1","1-30 days"
"6077-FDQRK","3/30/2013","4/29/2013","4/8/2013","21.4","0","On Time"
"8389-TCXFQ","1/31/2013","3/2/2013","3/12/2013","62.78","10","1-30 days"
"9212-BTDMX","10/9/2013","11/8/2013","11/11/2013","47.21","3","1-30 days"
"7260-ZHAKS","3/7/2012","4/6/2012","4/3/2012","72.83","0","On Time"
"9725-EZTEJ","11/10/2012","12/10/2012","12/23/2012","87.43","13","1-30 days"
"7228-LEPPM","5/6/2013","6/5/2013","6/13/2013","40.9","8","1-30 days"
"8102-ABPKQ","4/17/2013","5/17/2013","6/2/2013","70.59","16","1-30 days"
"7600-OISKG","10/31/2012","11/30/2012","12/7/2012","70.07","7","1-30 days"
"7372-CESLR","12/1/2013","12/31/2013","12/15/2013","52.76","0","On Time"
"6296-UKEUZ","4/12/2013","5/12/2013","4/14/2013","27.29","0","On Time"
"3448-OWJOT","5/2/2012","6/1/2012","6/13/2012","66.12","12","1-30 days"
"2824-HJQPP","1/8/2013","2/7/2013","1/23/2013","51.65","0","On Time"
"7946-HJDUR","9/18/2012","10/18/2012","10/13/2012","27.37","0","On Time"
"1408-OQZUE","1/2/2013","2/1/2013","2/9/2013","51.91","8","1-30 days"
"5592-UQXSS","5/1/2013","5/31/2013","6/4/2013","49.24","4","1-30 days"
"3568-JJMFW","5/8/2012","6/7/2012","6/11/2012","48.47","4","1-30 days"
"9758-AIEIK","10/28/2012","11/27/2012","11/8/2012","67.96","0","On Time"
"5924-UOPGH","9/1/2012","10/1/2012","9/25/2012","59.86","0","On Time"
"7600-OISKG","10/20/2013","11/19/2013","11/12/2013","77.43","0","On Time"
"1080-NDGAE","3/2/2013","4/1/2013","3/21/2013","54.56","0","On Time"
"9181-HEKGV","4/16/2012","5/16/2012","5/16/2012","61.2","0","On Time"
"5284-DJOZO","8/21/2013","9/20/2013","8/26/2013","65.57","0","On Time"
"6831-FIODB","5/11/2013","6/10/2013","6/11/2013","35.87","1","1-30 days"
"0688-XNJRO","7/16/2012","8/15/2012","9/11/2012","9.19","27","1-30 days"
"2423-QOKIO","6/8/2013","7/8/2013","6/25/2013","60.62","0","On Time"
"5924-UOPGH","1/6/2013","2/5/2013","1/20/2013","69.22","0","On Time"
"6177-VTITE","7/3/2012","8/2/2012","7/18/2012","48.18","0","On Time"
"9149-MATVB","8/13/2012","9/12/2012","9/13/2012","52.46","1","1-30 days"
"9725-EZTEJ","3/29/2012","4/28/2012","4/22/2012","92.71","0","On Time"
"3448-OWJOT","2/26/2013","3/28/2013","4/8/2013","80.3","11","1-30 days"
"8887-NCUZC","10/1/2012","10/31/2012","10/24/2012","42","0","On Time"
"6831-FIODB","12/18/2012","1/17/2013","1/25/2013","41.56","8","1-30 days"
"9771-QTLGZ","7/19/2012","8/18/2012","8/1/2012","67.4","0","On Time"
"5573-KSOIA","2/11/2013","3/13/2013","3/29/2013","86.72","16","1-30 days"
"1168-BEASA","1/13/2013","2/12/2013","2/1/2013","39.18","0","On Time"
"2824-HJQPP","4/2/2012","5/2/2012","5/2/2012","83.74","0","On Time"
"1604-LIFKX","3/7/2013","4/6/2013","4/22/2013","63.45","16","1-30 days"
"7600-OISKG","11/15/2013","12/15/2013","12/15/2013","52.7","0","On Time"
"7856-ODQFO","8/24/2013","9/23/2013","9/29/2013","82.42","6","1-30 days"
"7372-CESLR","2/27/2013","3/29/2013","3/22/2013","59.17","0","On Time"
"7654-DOLHO","12/28/2012","1/27/2013","1/14/2013","45.11","0","On Time"
"8887-NCUZC","4/15/2013","5/15/2013","5/7/2013","64.19","0","On Time"
"6048-QPZCF","9/24/2013","10/24/2013","9/29/2013","76.33","0","On Time"
"8887-NCUZC","12/2/2013","1/1/2014","1/7/2014","49.51","6","1-30 days"
"9014-WENVB","3/30/2013","4/29/2013","4/28/2013","64.66","0","On Time"
"6391-GBFQJ","11/21/2013","12/21/2013","1/1/2014","34.22","11","1-30 days"
"8389-TCXFQ","5/3/2013","6/2/2013","5/17/2013","73.57","0","On Time"
"9286-VLKMI","11/4/2012","12/4/2012","11/15/2012","25.05","0","On Time"
"6177-VTITE","3/30/2013","4/29/2013","4/8/2013","25.7","0","On Time"
"5164-VMYWJ","11/10/2013","12/10/2013","12/3/2013","74.62","0","On Time"
"3831-FXWYK","2/26/2013","3/28/2013","4/3/2013","74.09","6","1-30 days"
"6831-FIODB","6/20/2013","7/20/2013","7/30/2013","48.7","10","1-30 days"
"4460-ZXNDN","5/14/2013","6/13/2013","6/22/2013","80.76","9","1-30 days"
"6077-FDQRK","5/4/2013","6/3/2013","5/24/2013","42.59","0","On Time"
"8364-UWVLM","2/4/2012","3/5/2012","3/1/2012","69.78","0","On Time"
"7050-KQLDO","11/19/2013","12/19/2013","12/3/2013","64.12","0","On Time"
"8976-AMJEO","9/26/2012","10/26/2012","10/16/2012","53.18","0","On Time"
"7946-HJDUR","8/14/2013","9/13/2013","9/5/2013","59.53","0","On Time"
"4460-ZXNDN","4/22/2013","5/22/2013","6/25/2013","75.16","34","31-60 days"
"6296-UKEUZ","8/3/2012","9/2/2012","8/19/2012","45.31","0","On Time"
"0465-DTULQ","4/2/2013","5/2/2013","4/28/2013","63","0","On Time"
"6632-CGYHU","10/31/2013","11/30/2013","11/14/2013","94.71","0","On Time"
"4092-ZAVRG","4/8/2013","5/8/2013","4/14/2013","77.41","0","On Time"
"6048-QPZCF","4/8/2013","5/8/2013","4/12/2013","82.56","0","On Time"
"5924-UOPGH","1/19/2013","2/18/2013","3/6/2013","72.36","16","1-30 days"
"7245-CKNCN","11/7/2012","12/7/2012","11/20/2012","73.82","0","On Time"
"9460-VAZGD","7/24/2013","8/23/2013","8/13/2013","79.06","0","On Time"
"3271-YDPUJ","2/26/2013","3/28/2013","3/26/2013","39.88","0","On Time"
"5920-DPXLN","1/1/2013","1/31/2013","1/13/2013","36.1","0","On Time"
"5924-UOPGH","4/14/2013","5/14/2013","5/7/2013","81.26","0","On Time"
"5592-UQXSS","5/28/2012","6/27/2012","6/29/2012","44.33","2","1-30 days"
"2621-XCLEH","6/24/2013","7/24/2013","7/29/2013","90.62","5","1-30 days"
"7372-CESLR","3/17/2012","4/16/2012","4/9/2012","34.57","0","On Time"
"1080-NDGAE","5/27/2012","6/26/2012","6/29/2012","92.25","3","1-30 days"
"8156-PCYBM","1/19/2013","2/18/2013","2/12/2013","55.82","0","On Time"
"5613-UHVMG","8/29/2012","9/28/2012","10/13/2012","55.54","15","1-30 days"
"6160-HCSFI","2/25/2012","3/26/2012","3/19/2012","83.21","0","On Time"
"7856-ODQFO","7/27/2012","8/26/2012","8/22/2012","63.17","0","On Time"
"7938-EVASK","3/17/2013","4/16/2013","5/4/2013","78.05","18","1-30 days"
"5529-TBPGK","11/12/2012","12/12/2012","12/23/2012","76.12","11","1-30 days"
"9841-XLGBV","9/19/2013","10/19/2013","10/9/2013","68.58","0","On Time"
"3993-QUNVJ","4/16/2013","5/16/2013","4/27/2013","77.61","0","On Time"
"8690-EEBEO","11/11/2013","12/11/2013","12/18/2013","54.43","7","1-30 days"
"3598-DNURW","10/24/2012","11/23/2012","11/7/2012","46.32","0","On Time"
"8887-NCUZC","1/12/2013","2/11/2013","2/9/2013","36.96","0","On Time"
"9758-AIEIK","5/14/2012","6/13/2012","6/2/2012","52.88","0","On Time"
"9928-IJYBQ","11/2/2012","12/2/2012","12/9/2012","56.53","7","1-30 days"
"8102-ABPKQ","3/9/2013","4/8/2013","4/12/2013","46.86","4","1-30 days"
"9181-HEKGV","8/27/2013","9/26/2013","10/6/2013","99.82","10","1-30 days"
"5592-UQXSS","9/7/2013","10/7/2013","10/3/2013","14.53","0","On Time"
"3569-VJWXS","6/23/2013","7/23/2013","7/3/2013","88.56","0","On Time"
"8102-ABPKQ","5/29/2013","6/28/2013","7/23/2013","67.35","25","1-30 days"
"2820-XGXSB","10/13/2013","11/12/2013","10/18/2013","54.18","0","On Time"
"9928-IJYBQ","12/31/2012","1/30/2013","2/2/2013","49.68","3","1-30 days"
"5164-VMYWJ","1/14/2013","2/13/2013","2/9/2013","51.86","0","On Time"
"3598-DNURW","7/20/2012","8/19/2012","8/13/2012","84.54","0","On Time"
"6833-ETVHD","5/1/2012","5/31/2012","5/21/2012","93.7","0","On Time"
"7260-ZHAKS","11/6/2013","12/6/2013","11/27/2013","56.24","0","On Time"
"7372-CESLR","3/18/2012","4/17/2012","4/9/2012","30.08","0","On Time"
"0688-XNJRO","3/26/2013","4/25/2013","5/27/2013","55.16","32","31-60 days"
"7938-EVASK","6/22/2013","7/22/2013","7/27/2013","38.81","5","1-30 days"
"6077-FDQRK","5/14/2013","6/13/2013","5/28/2013","43.07","0","On Time"
"2423-QOKIO","12/28/2012","1/27/2013","1/22/2013","96.31","0","On Time"
"3568-JJMFW","10/5/2012","11/4/2012","10/28/2012","83.13","0","On Time"
"6627-ELFBK","2/13/2013","3/15/2013","2/25/2013","57.35","0","On Time"
"2423-QOKIO","6/1/2013","7/1/2013","6/18/2013","77.98","0","On Time"
"6048-QPZCF","6/9/2013","7/9/2013","6/27/2013","77.08","0","On Time"
"3448-OWJOT","9/14/2013","10/14/2013","10/16/2013","60.14","2","1-30 days"
"8389-TCXFQ","6/11/2013","7/11/2013","7/6/2013","88.19","0","On Time"
"2676-DZINU","11/15/2012","12/15/2012","12/6/2012","55.93","0","On Time"
"9460-VAZGD","8/20/2012","9/19/2012","9/6/2012","52.05","0","On Time"
"0688-XNJRO","11/14/2012","12/14/2012","12/25/2012","23.05","11","1-30 days"
"5875-VZQCZ","3/25/2013","4/24/2013","5/6/2013","50.79","12","1-30 days"
"4632-QZOKX","3/25/2013","4/24/2013","4/25/2013","64.32","1","1-30 days"
"0379-NEVHP","6/24/2013","7/24/2013","7/11/2013","61.66","0","On Time"
"7209-MDWKR","7/23/2013","8/22/2013","8/18/2013","56.03","0","On Time"
"4460-ZXNDN","4/28/2013","5/28/2013","6/1/2013","62.63","4","1-30 days"
"1168-BEASA","6/12/2013","7/12/2013","7/3/2013","26.8","0","On Time"
"2687-XWAMA","4/15/2013","5/15/2013","4/25/2013","55.33","0","On Time"
"9460-VAZGD","10/28/2012","11/27/2012","11/22/2012","45.13","0","On Time"
"7695-NKUXM","3/20/2013","4/19/2013","3/24/2013","49.9","0","On Time"
"7938-EVASK","1/16/2012","2/15/2012","2/20/2012","87.78","5","1-30 days"
"7841-HROAQ","7/2/2012","8/1/2012","7/28/2012","89.14","0","On Time"
"5164-VMYWJ","3/3/2013","4/2/2013","3/25/2013","79.74","0","On Time"
"0709-LZRJV","2/19/2012","3/20/2012","3/25/2012","62.85","5","1-30 days"
"8389-TCXFQ","4/18/2013","5/18/2013","5/8/2013","50.37","0","On Time"
"5196-TWQXF","10/28/2013","11/27/2013","11/13/2013","54.07","0","On Time"
"1080-NDGAE","7/15/2012","8/14/2012","8/13/2012","61.48","0","On Time"
"2820-XGXSB","5/24/2013","6/23/2013","5/28/2013","61.45","0","On Time"
"9212-BTDMX","1/28/2012","2/27/2012","2/13/2012","74.25","0","On Time"
"6077-FDQRK","11/21/2012","12/21/2012","12/7/2012","33.36","0","On Time"
"8102-ABPKQ","5/10/2012","6/9/2012","6/23/2012","68.21","14","1-30 days"
"9117-LYRCE","1/2/2013","2/1/2013","2/6/2013","49.59","5","1-30 days"
"9928-IJYBQ","6/27/2012","7/27/2012","7/31/2012","45.75","4","1-30 days"
"9322-YCTQO","3/26/2012","4/25/2012","5/6/2012","95.94","11","1-30 days"
"3598-DNURW","11/5/2013","12/5/2013","11/22/2013","90.41","0","On Time"
"6708-DPYTF","5/5/2013","6/4/2013","6/3/2013","76.49","0","On Time"
"8976-AMJEO","3/25/2012","4/24/2012","4/18/2012","67.41","0","On Time"
"0709-LZRJV","11/24/2013","12/24/2013","12/24/2013","56.29","0","On Time"
"5875-VZQCZ","5/22/2013","6/21/2013","7/8/2013","66.06","17","1-30 days"
"7050-KQLDO","9/19/2012","10/19/2012","10/13/2012","52.53","0","On Time"
"7372-CESLR","10/28/2012","11/27/2012","11/25/2012","12.7","0","On Time"
"7329-TWKLF","6/30/2012","7/30/2012","7/23/2012","74.22","0","On Time"
"7372-CESLR","11/28/2012","12/28/2012","12/31/2012","41.76","3","1-30 days"
"7209-MDWKR","12/17/2012","1/16/2013","2/1/2013","66.75","16","1-30 days"
"1080-NDGAE","8/5/2013","9/4/2013","9/8/2013","92.16","4","1-30 days"
"7245-CKNCN","1/4/2012","2/3/2012","1/28/2012","67.71","0","On Time"
"5148-SYKLB","10/31/2013","11/30/2013","11/22/2013","91.26","0","On Time"
"6627-ELFBK","12/17/2012","1/16/2013","1/3/2013","98.73","0","On Time"
"1080-NDGAE","10/11/2013","11/10/2013","10/23/2013","76.07","0","On Time"
"6177-VTITE","6/22/2013","7/22/2013","7/16/2013","36.62","0","On Time"
"7260-ZHAKS","4/30/2013","5/30/2013","5/30/2013","59.78","0","On Time"
"7695-NKUXM","3/19/2012","4/18/2012","4/6/2012","57.21","0","On Time"
"8389-TCXFQ","1/12/2013","2/11/2013","2/17/2013","60.35","6","1-30 days"
"7758-WKLVM","3/19/2013","4/18/2013","5/11/2013","72.5","23","1-30 days"
"9460-VAZGD","1/5/2012","2/4/2012","1/19/2012","32.28","0","On Time"
"3271-HYHDN","4/10/2012","5/10/2012","4/15/2012","39.35","0","On Time"
"5920-DPXLN","6/11/2013","7/11/2013","6/21/2013","53.09","0","On Time"
"5164-VMYWJ","8/21/2013","9/20/2013","9/12/2013","61.41","0","On Time"
"0688-XNJRO","8/22/2013","9/21/2013","9/26/2013","36.6","5","1-30 days"
"6632-CGYHU","9/6/2013","10/6/2013","9/13/2013","56.5","0","On Time"
"2824-HJQPP","1/6/2013","2/5/2013","1/30/2013","70.5","0","On Time"
"9181-HEKGV","5/18/2013","6/17/2013","7/15/2013","99.85","28","1-30 days"
"8942-ERSWK","5/26/2013","6/25/2013","5/31/2013","7.47","0","On Time"
"1168-BEASA","6/11/2013","7/11/2013","7/3/2013","82.63","0","On Time"
"5920-DPXLN","12/30/2012","1/29/2013","1/14/2013","50.34","0","On Time"
"6831-FIODB","8/13/2013","9/12/2013","9/1/2013","35.74","0","On Time"
"7372-CESLR","6/3/2013","7/3/2013","6/24/2013","34.89","0","On Time"
"8976-AMJEO","5/12/2012","6/11/2012","6/2/2012","103.67","0","On Time"
"7856-ODQFO","3/8/2013","4/7/2013","4/24/2013","57.96","17","1-30 days"
"0379-NEVHP","2/12/2012","3/13/2012","2/28/2012","28.21","0","On Time"
"6632-CGYHU","5/20/2012","6/19/2012","6/1/2012","56.03","0","On Time"
"8364-UWVLM","11/12/2012","12/12/2012","12/8/2012","92.03","0","On Time"
"7209-MDWKR","8/20/2012","9/19/2012","9/17/2012","75.55","0","On Time"
"7600-OISKG","2/18/2013","3/20/2013","3/7/2013","45.51","0","On Time"
"2026-XLBER","4/26/2013","5/26/2013","5/25/2013","103.54","0","On Time"
"9250-VHLWY","2/20/2012","3/21/2012","3/18/2012","68.41","0","On Time"
"5148-SYKLB","5/10/2013","6/9/2013","6/11/2013","86.41","2","1-30 days"
"1604-LIFKX","1/29/2013","2/28/2013","3/11/2013","79.37","11","1-30 days"
"8887-NCUZC","2/3/2013","3/5/2013","3/18/2013","37.17","13","1-30 days"
"2676-DZINU","5/28/2012","6/27/2012","6/10/2012","56.56","0","On Time"
"9928-IJYBQ","4/3/2013","5/3/2013","5/9/2013","83.95","6","1-30 days"
"0379-NEVHP","8/11/2013","9/10/2013","8/21/2013","47.08","0","On Time"
"9758-AIEIK","5/25/2012","6/24/2012","6/11/2012","51.34","0","On Time"
"6632-CGYHU","10/25/2012","11/24/2012","11/9/2012","83.68","0","On Time"
"9174-IYKOC","3/2/2012","4/1/2012","4/2/2012","53.79","1","1-30 days"
"2824-HJQPP","2/27/2013","3/29/2013","3/18/2013","64.54","0","On Time"
"4640-FGEJI","4/2/2013","5/2/2013","4/21/2013","94.62","0","On Time"
"7228-LEPPM","2/9/2013","3/11/2013","3/14/2013","34.7","3","1-30 days"
"8389-TCXFQ","3/1/2013","3/31/2013","4/13/2013","53.38","13","1-30 days"
"7758-WKLVM","10/9/2012","11/8/2012","11/10/2012","56.82","2","1-30 days"
"9117-LYRCE","3/1/2013","3/31/2013","4/30/2013","58.69","30","1-30 days"
"9014-WENVB","11/22/2012","12/22/2012","12/24/2012","89.68","2","1-30 days"
"8364-UWVLM","2/6/2013","3/8/2013","3/8/2013","91.59","0","On Time"
"6627-ELFBK","8/1/2013","8/31/2013","8/23/2013","86.83","0","On Time"
"8102-ABPKQ","4/8/2013","5/8/2013","5/8/2013","56.01","0","On Time"
"9014-WENVB","1/17/2012","2/16/2012","2/15/2012","69.99","0","On Time"
"7600-OISKG","8/4/2013","9/3/2013","9/2/2013","90.54","0","On Time"
"8942-ERSWK","9/18/2012","10/18/2012","9/30/2012","13.06","0","On Time"
"3568-JJMFW","3/30/2012","4/29/2012","4/29/2012","36.21","0","On Time"
"7209-MDWKR","6/19/2013","7/19/2013","7/12/2013","36.23","0","On Time"
"8942-ERSWK","5/25/2013","6/24/2013","6/2/2013","51.6","0","On Time"
"9250-VHLWY","9/15/2012","10/15/2012","10/15/2012","46.49","0","On Time"
"2026-XLBER","5/31/2013","6/30/2013","6/26/2013","70.66","0","On Time"
"9250-VHLWY","10/5/2012","11/4/2012","10/26/2012","48.87","0","On Time"
"8942-ERSWK","7/3/2012","8/2/2012","7/11/2012","25.41","0","On Time"
"2423-QOKIO","10/2/2012","11/1/2012","11/1/2012","75.21","0","On Time"
"9149-MATVB","1/9/2013","2/8/2013","2/3/2013","65.81","0","On Time"
"6627-ELFBK","8/8/2012","9/7/2012","8/26/2012","78","0","On Time"
"7946-HJDUR","10/31/2013","11/30/2013","11/28/2013","56.48","0","On Time"
"5284-DJOZO","2/28/2012","3/29/2012","3/14/2012","78.91","0","On Time"
"8156-PCYBM","5/17/2012","6/16/2012","6/15/2012","82.2","0","On Time"
"9250-VHLWY","1/20/2013","2/19/2013","2/10/2013","65.43","0","On Time"
"8389-TCXFQ","3/10/2013","4/9/2013","4/5/2013","37.02","0","On Time"
"2687-XWAMA","5/6/2013","6/5/2013","5/9/2013","41.72","0","On Time"
"7841-HROAQ","8/8/2012","9/7/2012","9/4/2012","53.74","0","On Time"
"6077-FDQRK","7/29/2012","8/28/2012","8/16/2012","32.59","0","On Time"
"5613-UHVMG","4/16/2013","5/16/2013","5/24/2013","71.86","8","1-30 days"
"3831-FXWYK","3/29/2012","4/28/2012","5/6/2012","79.28","8","1-30 days"
"3598-DNURW","9/29/2012","10/29/2012","10/19/2012","90.91","0","On Time"
"7600-OISKG","8/1/2012","8/31/2012","8/30/2012","79.02","0","On Time"
"6048-QPZCF","9/25/2013","10/25/2013","10/19/2013","88.58","0","On Time"
"3568-JJMFW","4/25/2013","5/25/2013","5/13/2013","72.88","0","On Time"
"7050-KQLDO","3/7/2012","4/6/2012","4/5/2012","62.24","0","On Time"
"2125-HJDLA","12/30/2012","1/29/2013","2/16/2013","61.93","18","1-30 days"
"7654-DOLHO","8/11/2012","9/10/2012","9/6/2012","23.04","0","On Time"
"6004-KITZM","6/16/2012","7/16/2012","7/6/2012","65.51","0","On Time"
"7245-CKNCN","11/2/2012","12/2/2012","11/18/2012","61.57","0","On Time"
"3568-JJMFW","5/25/2013","6/24/2013","6/10/2013","96.64","0","On Time"
"9883-SDWFS","5/23/2012","6/22/2012","7/5/2012","19.01","13","1-30 days"
"8102-ABPKQ","9/22/2012","10/22/2012","11/2/2012","32.86","11","1-30 days"
"6627-ELFBK","1/20/2012","2/19/2012","2/11/2012","60.52","0","On Time"
"7260-ZHAKS","2/22/2013","3/24/2013","3/16/2013","89.44","0","On Time"
"8820-BLYDZ","1/12/2013","2/11/2013","1/21/2013","46.32","0","On Time"
"2676-DZINU","8/5/2013","9/4/2013","8/13/2013","52.5","0","On Time"
"8364-UWVLM","3/16/2013","4/15/2013","4/19/2013","62.67","4","1-30 days"
"2824-HJQPP","11/30/2012","12/30/2012","12/30/2012","100.08","0","On Time"
"4460-ZXNDN","2/23/2013","3/25/2013","4/1/2013","84.71","7","1-30 days"
"9117-LYRCE","2/20/2013","3/22/2013","3/23/2013","29.25","1","1-30 days"
"6708-DPYTF","11/11/2012","12/11/2012","12/15/2012","94.19","4","1-30 days"
"7841-HROAQ","7/24/2012","8/23/2012","8/15/2012","77.84","0","On Time"
"4092-ZAVRG","10/18/2013","11/17/2013","10/22/2013","63.56","0","On Time"
"3569-VJWXS","5/15/2013","6/14/2013","6/7/2013","35.23","0","On Time"
"4460-ZXNDN","3/25/2012","4/24/2012","4/28/2012","45.59","4","1-30 days"
"3993-QUNVJ","4/6/2013","5/6/2013","4/17/2013","76.44","0","On Time"
"7758-WKLVM","6/9/2012","7/9/2012","7/6/2012","68.06","0","On Time"
"7758-WKLVM","3/24/2012","4/23/2012","5/7/2012","63.08","14","1-30 days"
"9149-MATVB","11/28/2013","12/28/2013","12/23/2013","42.57","0","On Time"
"7856-ODQFO","3/29/2013","4/28/2013","4/24/2013","14.63","0","On Time"
"9928-IJYBQ","10/15/2012","11/14/2012","11/16/2012","32.77","2","1-30 days"
"8976-AMJEO","1/15/2012","2/14/2012","2/15/2012","57.55","1","1-30 days"
"9883-SDWFS","8/26/2013","9/25/2013","10/15/2013","49.68","20","1-30 days"
"2676-DZINU","7/14/2012","8/13/2012","8/2/2012","89.31","0","On Time"
"5573-KSOIA","8/19/2013","9/18/2013","9/26/2013","47.54","8","1-30 days"
"1080-NDGAE","8/30/2013","9/29/2013","10/3/2013","82.6","4","1-30 days"
"0783-PEPYR","8/2/2012","9/1/2012","9/13/2012","84.75","12","1-30 days"
"6391-GBFQJ","3/24/2012","4/23/2012","4/9/2012","7.11","0","On Time"
"9212-BTDMX","12/7/2012","1/6/2013","12/19/2012","77.73","0","On Time"
"7372-CESLR","4/10/2012","5/10/2012","5/4/2012","21.24","0","On Time"
"9725-EZTEJ","6/7/2012","7/7/2012","6/16/2012","72.6","0","On Time"
"6077-FDQRK","1/8/2012","2/7/2012","2/1/2012","28.84","0","On Time"
"2026-XLBER","9/13/2013","10/13/2013","10/3/2013","61.79","0","On Time"
"6833-ETVHD","5/10/2012","6/9/2012","5/30/2012","77.76","0","On Time"
"7329-TWKLF","5/19/2013","6/18/2013","6/5/2013","79.65","0","On Time"
"5529-TBPGK","3/17/2012","4/16/2012","4/15/2012","53.36","0","On Time"
"9323-NDIOV","9/2/2013","10/2/2013","9/28/2013","68.97","0","On Time"
"0709-LZRJV","6/21/2013","7/21/2013","7/12/2013","36.09","0","On Time"
"6632-CGYHU","11/21/2013","12/21/2013","11/28/2013","102.41","0","On Time"
"3568-JJMFW","6/13/2012","7/13/2012","7/10/2012","81.7","0","On Time"
"0783-PEPYR","5/27/2013","6/26/2013","7/7/2013","104.52","11","1-30 days"
"8102-ABPKQ","10/29/2012","11/28/2012","11/30/2012","49.7","2","1-30 days"
"0709-LZRJV","8/27/2013","9/26/2013","9/19/2013","62.73","0","On Time"
"6160-HCSFI","3/24/2013","4/23/2013","4/7/2013","65.37","0","On Time"
"5164-VMYWJ","10/30/2012","11/29/2012","11/17/2012","56.93","0","On Time"
"9322-YCTQO","11/30/2013","12/30/2013","1/5/2014","52.54","6","1-30 days"
"2687-XWAMA","3/9/2013","4/8/2013","3/26/2013","44.75","0","On Time"
"4640-FGEJI","4/20/2013","5/20/2013","5/16/2013","63.48","0","On Time"
"6627-ELFBK","5/11/2013","6/10/2013","5/25/2013","61.03","0","On Time"
"8942-ERSWK","3/17/2012","4/16/2012","4/12/2012","26.16","0","On Time"
"8102-ABPKQ","8/12/2013","9/11/2013","9/30/2013","49.31","19","1-30 days"
"8942-ERSWK","3/16/2013","4/15/2013","3/21/2013","13.88","0","On Time"
"8690-EEBEO","12/4/2012","1/3/2013","1/10/2013","57.78","7","1-30 days"
"1604-LIFKX","3/15/2012","4/14/2012","5/4/2012","58.17","20","1-30 days"
"1080-NDGAE","3/1/2012","3/31/2012","3/24/2012","56.54","0","On Time"
"5924-UOPGH","8/4/2013","9/3/2013","8/18/2013","65.6","0","On Time"
"2026-XLBER","9/1/2013","10/1/2013","9/12/2013","68.98","0","On Time"
"0379-NEVHP","10/24/2012","11/23/2012","11/6/2012","50.7","0","On Time"
"7245-CKNCN","5/22/2012","6/21/2012","6/13/2012","87.82","0","On Time"
"7329-TWKLF","3/10/2013","4/9/2013","4/5/2013","62.24","0","On Time"
"8156-PCYBM","1/4/2013","2/3/2013","2/3/2013","58.03","0","On Time"
"7245-CKNCN","4/17/2013","5/17/2013","4/24/2013","79.26","0","On Time"
"7372-CESLR","11/13/2013","12/13/2013","11/19/2013","23.63","0","On Time"
"4460-ZXNDN","6/13/2013","7/13/2013","7/18/2013","50.47","5","1-30 days"
"2820-XGXSB","11/28/2012","12/28/2012","12/2/2012","75.82","0","On Time"
"6831-FIODB","4/29/2012","5/29/2012","6/6/2012","52.26","8","1-30 days"
"3598-DNURW","8/31/2013","9/30/2013","9/12/2013","66.01","0","On Time"
"3568-JJMFW","5/11/2012","6/10/2012","6/7/2012","84.39","0","On Time"
"4092-ZAVRG","12/9/2012","1/8/2013","12/13/2012","81.27","0","On Time"
"6160-HCSFI","10/12/2012","11/11/2012","11/7/2012","88.47","0","On Time"
"6004-KITZM","4/13/2013","5/13/2013","5/1/2013","38.6","0","On Time"
"5875-VZQCZ","5/28/2012","6/27/2012","7/3/2012","87.48","6","1-30 days"
"9725-EZTEJ","4/11/2012","5/11/2012","5/8/2012","40.03","0","On Time"
"9928-IJYBQ","5/9/2013","6/8/2013","6/11/2013","58.83","3","1-30 days"
"8389-TCXFQ","8/23/2012","9/22/2012","9/22/2012","63.12","0","On Time"
"9149-MATVB","8/28/2013","9/27/2013","9/17/2013","63.02","0","On Time"
"3569-VJWXS","5/14/2013","6/13/2013","5/29/2013","43.67","0","On Time"
"9174-IYKOC","8/9/2013","9/8/2013","9/2/2013","66.82","0","On Time"
"9883-SDWFS","6/13/2012","7/13/2012","7/9/2012","38.06","0","On Time"
"7654-DOLHO","10/6/2012","11/5/2012","11/4/2012","47.44","0","On Time"
"5284-DJOZO","4/16/2013","5/16/2013","5/6/2013","88.74","0","On Time"
"8820-BLYDZ","9/3/2012","10/3/2012","9/16/2012","64.95","0","On Time"
"6627-ELFBK","2/15/2013","3/17/2013","3/1/2013","65.28","0","On Time"
"6391-GBFQJ","10/4/2013","11/3/2013","10/17/2013","24.77","0","On Time"
"8156-PCYBM","5/28/2013","6/27/2013","6/27/2013","74.59","0","On Time"
"9322-YCTQO","11/25/2013","12/25/2013","12/27/2013","107.04","2","1-30 days"
"6160-HCSFI","9/24/2012","10/24/2012","10/16/2012","55.36","0","On Time"
"7758-WKLVM","2/15/2012","3/16/2012","3/25/2012","56.36","9","1-30 days"
"7372-CESLR","5/16/2012","6/15/2012","6/1/2012","50.58","0","On Time"
"0706-NRGUP","8/27/2013","9/26/2013","10/1/2013","57.2","5","1-30 days"
"8156-PCYBM","10/7/2013","11/6/2013","11/3/2013","63.39","0","On Time"
"0709-LZRJV","2/28/2012","3/29/2012","3/19/2012","40.49","0","On Time"
"7260-ZHAKS","5/6/2012","6/5/2012","6/11/2012","77.53","6","1-30 days"
"9323-NDIOV","7/13/2013","8/12/2013","8/7/2013","44.48","0","On Time"
"7209-MDWKR","8/19/2013","9/18/2013","9/19/2013","51.86","1","1-30 days"
"3448-OWJOT","7/28/2012","8/27/2012","9/7/2012","59.64","11","1-30 days"
"0625-TNJFG","8/25/2013","9/24/2013","9/11/2013","50.17","0","On Time"
"9014-WENVB","3/14/2013","4/13/2013","4/16/2013","60.64","3","1-30 days"
"5573-KSOIA","10/28/2013","11/27/2013","11/22/2013","67.26","0","On Time"
"9014-WENVB","7/20/2013","8/19/2013","8/14/2013","48.93","0","On Time"
"8389-TCXFQ","5/23/2013","6/22/2013","6/15/2013","71.65","0","On Time"
"9928-IJYBQ","11/29/2013","12/29/2013","12/26/2013","54.16","0","On Time"
"0625-TNJFG","8/1/2012","8/31/2012","8/31/2012","64.44","0","On Time"
"9250-VHLWY","4/15/2013","5/15/2013","5/7/2013","65.19","0","On Time"
"7209-MDWKR","2/11/2012","3/12/2012","3/18/2012","39.67","6","1-30 days"
"6391-GBFQJ","10/30/2013","11/29/2013","11/15/2013","30.47","0","On Time"
"2687-XWAMA","12/19/2012","1/18/2013","1/1/2013","29.64","0","On Time"
"6391-GBFQJ","9/11/2012","10/11/2012","9/27/2012","10.23","0","On Time"
"0709-LZRJV","3/12/2012","4/11/2012","4/12/2012","67.83","1","1-30 days"
"5573-KSOIA","12/23/2012","1/22/2013","2/7/2013","92.94","16","1-30 days"
"8690-EEBEO","3/20/2012","4/19/2012","5/1/2012","29.34","12","1-30 days"
"5920-DPXLN","11/22/2013","12/22/2013","12/4/2013","44.71","0","On Time"
"4651-PMEXQ","9/29/2012","10/29/2012","10/21/2012","63.1","0","On Time"
"6177-VTITE","5/23/2012","6/22/2012","6/9/2012","48.03","0","On Time"
"0688-XNJRO","9/15/2013","10/15/2013","10/28/2013","33.37","13","1-30 days"
"8389-TCXFQ","8/15/2013","9/14/2013","8/29/2013","74.05","0","On Time"
"8942-ERSWK","1/12/2013","2/11/2013","1/21/2013","14.09","0","On Time"
"7695-NKUXM","9/10/2013","10/10/2013","10/3/2013","55.6","0","On Time"
"9149-MATVB","9/13/2013","10/13/2013","9/25/2013","37.88","0","On Time"
"1604-LIFKX","4/25/2013","5/25/2013","6/3/2013","47.82","9","1-30 days"
"0379-NEVHP","9/7/2013","10/7/2013","9/13/2013","62.88","0","On Time"
"9771-QTLGZ","4/29/2013","5/29/2013","5/3/2013","49.21","0","On Time"
"9181-HEKGV","4/16/2012","5/16/2012","6/18/2012","88.84","33","31-60 days"
"0709-LZRJV","10/30/2012","11/29/2012","11/29/2012","70.82","0","On Time"
"4640-FGEJI","1/11/2012","2/10/2012","2/8/2012","84.42","0","On Time"
"6391-GBFQJ","7/4/2013","8/3/2013","7/18/2013","10.76","0","On Time"
"7654-DOLHO","9/13/2012","10/13/2012","10/5/2012","8.22","0","On Time"
"0783-PEPYR","11/2/2012","12/2/2012","12/4/2012","62.27","2","1-30 days"
"3569-VJWXS","12/26/2012","1/25/2013","1/21/2013","34.86","0","On Time"
"5164-VMYWJ","8/29/2012","9/28/2012","10/3/2012","71.79","5","1-30 days"
"5613-UHVMG","6/22/2012","7/22/2012","8/3/2012","49.71","12","1-30 days"
"8820-BLYDZ","8/22/2013","9/21/2013","8/28/2013","70.91","0","On Time"
"2820-XGXSB","7/8/2012","8/7/2012","7/13/2012","81.62","0","On Time"
"3598-DNURW","3/30/2012","4/29/2012","4/24/2012","58.57","0","On Time"
"2447-JCFGW","6/19/2012","7/19/2012","7/21/2012","55.73","2","1-30 days"
"9771-QTLGZ","5/16/2012","6/15/2012","5/31/2012","32.88","0","On Time"
"7050-KQLDO","11/28/2012","12/28/2012","12/18/2012","36.55","0","On Time"
"9928-IJYBQ","5/31/2013","6/30/2013","7/8/2013","66.38","8","1-30 days"
"8887-NCUZC","6/17/2012","7/17/2012","7/5/2012","10.73","0","On Time"
"6160-HCSFI","12/2/2012","1/1/2013","12/27/2012","58.05","0","On Time"
"1447-YZKCL","8/1/2012","8/31/2012","9/13/2012","62.66","13","1-30 days"
"7329-TWKLF","5/5/2013","6/4/2013","5/25/2013","66.46","0","On Time"
"9286-VLKMI","3/28/2012","4/27/2012","4/4/2012","29.7","0","On Time"
"6296-UKEUZ","6/9/2012","7/9/2012","6/11/2012","48.25","0","On Time"
"2026-XLBER","6/21/2013","7/21/2013","7/5/2013","37.13","0","On Time"
"0688-XNJRO","6/15/2013","7/15/2013","7/23/2013","9.52","8","1-30 days"
"3448-OWJOT","12/11/2012","1/10/2013","1/14/2013","59.83","4","1-30 days"
"0465-DTULQ","12/28/2012","1/27/2013","1/25/2013","58.71","0","On Time"
"9771-QTLGZ","7/25/2012","8/24/2012","8/15/2012","29.85","0","On Time"
"0379-NEVHP","3/1/2012","3/31/2012","4/17/2012","48.65","17","1-30 days"
"7228-LEPPM","9/27/2012","10/27/2012","11/9/2012","35.48","13","1-30 days"
"9149-MATVB","12/5/2012","1/4/2013","1/6/2013","42.28","2","1-30 days"
"4651-PMEXQ","4/30/2012","5/30/2012","5/22/2012","83.7","0","On Time"
"7938-EVASK","6/13/2013","7/13/2013","7/14/2013","58.43","1","1-30 days"
"6833-ETVHD","10/25/2013","11/24/2013","11/10/2013","85.06","0","On Time"
"4632-QZOKX","2/27/2012","3/28/2012","4/13/2012","70.89","16","1-30 days"
"9883-SDWFS","8/17/2013","9/16/2013","9/20/2013","45.18","4","1-30 days"
"5592-UQXSS","11/15/2013","12/15/2013","12/31/2013","21.94","16","1-30 days"
"1447-YZKCL","5/5/2012","6/4/2012","6/12/2012","55.78","8","1-30 days"
"3598-DNURW","6/20/2013","7/20/2013","7/8/2013","69.03","0","On Time"
"8976-AMJEO","4/3/2013","5/3/2013","5/19/2013","90.34","16","1-30 days"
"2621-XCLEH","2/22/2012","3/23/2012","4/5/2012","69.8","13","1-30 days"
"8976-AMJEO","10/25/2012","11/24/2012","11/23/2012","51.96","0","On Time"
"2676-DZINU","7/26/2012","8/25/2012","8/16/2012","84.26","0","On Time"
"0688-XNJRO","9/8/2013","10/8/2013","10/26/2013","22.9","18","1-30 days"
"5148-SYKLB","6/18/2012","7/18/2012","8/2/2012","58.35","15","1-30 days"
"2820-XGXSB","5/23/2012","6/22/2012","5/30/2012","65.25","0","On Time"
"3569-VJWXS","3/15/2012","4/14/2012","4/7/2012","39.66","0","On Time"
"0688-XNJRO","4/15/2012","5/15/2012","6/3/2012","35.3","19","1-30 days"
"9250-VHLWY","12/1/2012","12/31/2012","12/24/2012","63.43","0","On Time"
"9928-IJYBQ","7/3/2012","8/2/2012","8/7/2012","45.8","5","1-30 days"
"4651-PMEXQ","4/7/2013","5/7/2013","4/28/2013","89.06","0","On Time"
"5875-VZQCZ","5/27/2012","6/26/2012","7/4/2012","70.07","8","1-30 days"
"0706-NRGUP","11/28/2013","12/28/2013","12/26/2013","29.37","0","On Time"
"0688-XNJRO","9/30/2012","10/30/2012","11/14/2012","46.4","15","1-30 days"
"0783-PEPYR","9/17/2013","10/17/2013","11/13/2013","72.87","27","1-30 days"
"7938-EVASK","6/5/2013","7/5/2013","7/26/2013","103.11","21","1-30 days"
"9758-AIEIK","4/29/2013","5/29/2013","5/15/2013","65.71","0","On Time"
"5592-UQXSS","8/28/2013","9/27/2013","10/12/2013","52.94","15","1-30 days"
"3271-YDPUJ","4/5/2013","5/5/2013","4/26/2013","50.86","0","On Time"
"7372-CESLR","2/8/2012","3/9/2012","3/3/2012","30.74","0","On Time"
"9841-XLGBV","7/6/2013","8/5/2013","8/1/2013","36.33","0","On Time"
"5196-TWQXF","10/30/2013","11/29/2013","11/19/2013","75.06","0","On Time"
"0625-TNJFG","10/31/2012","11/30/2012","11/15/2012","37.9","0","On Time"
"9725-EZTEJ","7/8/2012","8/7/2012","8/10/2012","107.04","3","1-30 days"
"1080-NDGAE","5/10/2013","6/9/2013","6/15/2013","74.5","6","1-30 days"
"0706-NRGUP","5/22/2012","6/21/2012","6/28/2012","35.02","7","1-30 days"
"4640-FGEJI","5/12/2013","6/11/2013","6/22/2013","100.16","11","1-30 days"
"9117-LYRCE","3/5/2012","4/4/2012","4/22/2012","68.66","18","1-30 days"
"6831-FIODB","1/15/2012","2/14/2012","2/13/2012","46.28","0","On Time"
"9758-AIEIK","3/11/2012","4/10/2012","4/21/2012","61.19","11","1-30 days"
"7946-HJDUR","5/4/2013","6/3/2013","6/4/2013","43.28","1","1-30 days"
"2125-HJDLA","12/25/2012","1/24/2013","1/26/2013","27","2","1-30 days"
"5529-TBPGK","9/28/2012","10/28/2012","10/30/2012","86.59","2","1-30 days"
"9212-BTDMX","4/11/2012","5/11/2012","4/26/2012","63.26","0","On Time"
"6160-HCSFI","1/7/2013","2/6/2013","2/8/2013","69.85","2","1-30 days"
"2447-JCFGW","3/28/2013","4/27/2013","4/21/2013","11.36","0","On Time"
"7946-HJDUR","6/9/2012","7/9/2012","7/9/2012","58.85","0","On Time"
"2447-JCFGW","4/5/2013","5/5/2013","4/28/2013","39.24","0","On Time"
"9149-MATVB","10/29/2012","11/28/2012","11/27/2012","25.83","0","On Time"
"5284-DJOZO","3/31/2012","4/30/2012","4/12/2012","58.56","0","On Time"
"8156-PCYBM","3/10/2012","4/9/2012","4/4/2012","71.8","0","On Time"
"9323-NDIOV","11/29/2013","12/29/2013","1/9/2014","84.38","11","1-30 days"
"6160-HCSFI","8/30/2013","9/29/2013","9/17/2013","69.48","0","On Time"
"9460-VAZGD","6/26/2013","7/26/2013","7/7/2013","28.37","0","On Time"
"8690-EEBEO","10/24/2013","11/23/2013","12/1/2013","43.31","8","1-30 days"
"0187-ERLSR","3/29/2012","4/28/2012","4/25/2012","62.68","0","On Time"
"8976-AMJEO","5/21/2013","6/20/2013","6/14/2013","97.63","0","On Time"
"7654-DOLHO","4/6/2012","5/6/2012","5/9/2012","37.93","3","1-30 days"
"8976-AMJEO","4/14/2012","5/14/2012","5/10/2012","77.9","0","On Time"
"5875-VZQCZ","12/30/2012","1/29/2013","2/11/2013","81.37","13","1-30 days"
"9460-VAZGD","9/28/2013","10/28/2013","10/15/2013","51","0","On Time"
"1447-YZKCL","6/23/2012","7/23/2012","7/23/2012","71.41","0","On Time"
"6831-FIODB","4/11/2013","5/11/2013","5/8/2013","74.41","0","On Time"
"9174-IYKOC","3/2/2013","4/1/2013","3/23/2013","60.84","0","On Time"
"7600-OISKG","6/6/2013","7/6/2013","7/11/2013","63.68","5","1-30 days"
"0187-ERLSR","9/22/2012","10/22/2012","10/11/2012","65.26","0","On Time"
"2026-XLBER","5/19/2013","6/18/2013","6/21/2013","44.88","3","1-30 days"
"7654-DOLHO","11/5/2012","12/5/2012","12/9/2012","32.36","4","1-30 days"
"5196-TWQXF","10/29/2013","11/28/2013","11/13/2013","78.49","0","On Time"
"9771-QTLGZ","12/14/2012","1/13/2013","12/30/2012","46.62","0","On Time"
"9883-SDWFS","8/8/2013","9/7/2013","9/17/2013","62.77","10","1-30 days"
"2824-HJQPP","1/4/2013","2/3/2013","1/25/2013","58.79","0","On Time"
"0625-TNJFG","9/8/2013","10/8/2013","9/22/2013","64.29","0","On Time"
"5196-TWQXF","3/29/2012","4/28/2012","4/19/2012","60.32","0","On Time"
"5284-DJOZO","8/22/2013","9/21/2013","8/26/2013","70.84","0","On Time"
"6077-FDQRK","5/5/2012","6/4/2012","6/5/2012","36.86","1","1-30 days"
"7600-OISKG","6/1/2012","7/1/2012","7/1/2012","66.03","0","On Time"
"9841-XLGBV","3/16/2012","4/15/2012","4/24/2012","46.25","9","1-30 days"
"9323-NDIOV","6/30/2012","7/30/2012","8/4/2012","60.13","5","1-30 days"
"4640-FGEJI","7/15/2012","8/14/2012","8/26/2012","80.69","12","1-30 days"
"9174-IYKOC","1/26/2013","2/25/2013","2/18/2013","56.27","0","On Time"
"4460-ZXNDN","5/6/2012","6/5/2012","6/12/2012","64.4","7","1-30 days"
"3271-YDPUJ","8/3/2012","9/2/2012","9/1/2012","45.73","0","On Time"
"9286-VLKMI","7/2/2013","8/1/2013","7/4/2013","80.59","0","On Time"
"6627-ELFBK","1/11/2013","2/10/2013","2/1/2013","66.01","0","On Time"
"5148-SYKLB","5/9/2013","6/8/2013","6/13/2013","89.43","5","1-30 days"
"9250-VHLWY","6/19/2013","7/19/2013","7/14/2013","34.69","0","On Time"
"8102-ABPKQ","11/18/2012","12/18/2012","1/4/2013","74.55","17","1-30 days"
"5148-SYKLB","8/30/2012","9/29/2012","10/6/2012","67.37","7","1-30 days"
"3568-JJMFW","3/29/2013","4/28/2013","4/17/2013","81.21","0","On Time"
"5148-SYKLB","4/19/2013","5/19/2013","5/29/2013","74.28","10","1-30 days"
"4640-FGEJI","4/24/2013","5/24/2013","5/5/2013","49.64","0","On Time"
"9928-IJYBQ","3/5/2012","4/4/2012","4/6/2012","66.66","2","1-30 days"
"8976-AMJEO","9/14/2013","10/14/2013","10/8/2013","69.29","0","On Time"
"0187-ERLSR","2/16/2013","3/18/2013","3/2/2013","56.5","0","On Time"
"9771-QTLGZ","7/26/2013","8/25/2013","8/11/2013","41.19","0","On Time"
"5920-DPXLN","3/19/2012","4/18/2012","4/14/2012","49.14","0","On Time"
"8389-TCXFQ","2/25/2013","3/27/2013","3/26/2013","88.67","0","On Time"
"7260-ZHAKS","11/26/2012","12/26/2012","12/22/2012","61.18","0","On Time"
"6632-CGYHU","12/17/2012","1/16/2013","1/1/2013","74.41","0","On Time"
"6833-ETVHD","7/12/2013","8/11/2013","7/24/2013","55.83","0","On Time"
"0706-NRGUP","6/19/2012","7/19/2012","7/23/2012","16.78","4","1-30 days"
"3993-QUNVJ","5/10/2013","6/9/2013","5/25/2013","60.1","0","On Time"
"3568-JJMFW","5/5/2012","6/4/2012","6/8/2012","82.38","4","1-30 days"
"0379-NEVHP","7/12/2013","8/11/2013","7/25/2013","30.9","0","On Time"
"6177-VTITE","6/18/2012","7/18/2012","7/2/2012","49.39","0","On Time"
"2447-JCFGW","11/12/2012","12/12/2012","12/2/2012","64.82","0","On Time"
"9883-SDWFS","3/2/2012","4/1/2012","3/30/2012","26.37","0","On Time"
"6004-KITZM","11/28/2013","12/28/2013","12/8/2013","30.81","0","On Time"
"8364-UWVLM","10/31/2013","11/30/2013","12/5/2013","87.67","5","1-30 days"
"8820-BLYDZ","9/11/2012","10/11/2012","9/15/2012","74.18","0","On Time"
"9758-AIEIK","5/7/2013","6/6/2013","5/21/2013","59.78","0","On Time"
"9117-LYRCE","7/30/2013","8/29/2013","8/27/2013","41.64","0","On Time"
"6627-ELFBK","5/21/2012","6/20/2012","6/26/2012","58.64","6","1-30 days"
"7245-CKNCN","3/2/2012","4/1/2012","3/23/2012","69.13","0","On Time"
"7946-HJDUR","5/28/2012","6/27/2012","6/26/2012","35.32","0","On Time"
"7758-WKLVM","5/5/2013","6/4/2013","6/20/2013","81.23","16","1-30 days"
"7856-ODQFO","1/20/2013","2/19/2013","2/25/2013","56.86","6","1-30 days"
"6391-GBFQJ","3/23/2012","4/22/2012","4/8/2012","18.09","0","On Time"
"0465-DTULQ","12/18/2012","1/17/2013","1/27/2013","22.53","10","1-30 days"
"6627-ELFBK","3/1/2013","3/31/2013","3/18/2013","53.65","0","On Time"
"9212-BTDMX","12/30/2012","1/29/2013","1/18/2013","48.85","0","On Time"
"5284-DJOZO","4/13/2012","5/13/2012","4/21/2012","81.47","0","On Time"
"6296-UKEUZ","9/16/2012","10/16/2012","9/19/2012","25.05","0","On Time"
"6296-UKEUZ","5/20/2012","6/19/2012","5/29/2012","37.27","0","On Time"
"5573-KSOIA","12/7/2012","1/6/2013","1/12/2013","61.7","6","1-30 days"
"2125-HJDLA","2/16/2012","3/17/2012","3/25/2012","79.21","8","1-30 days"
"8976-AMJEO","12/17/2012","1/16/2013","12/31/2012","42.45","0","On Time"
"9725-EZTEJ","10/6/2012","11/5/2012","10/30/2012","60.57","0","On Time"
"7329-TWKLF","5/21/2013","6/20/2013","6/11/2013","61.42","0","On Time"
"9771-QTLGZ","8/17/2013","9/16/2013","9/4/2013","64.64","0","On Time"
"8690-EEBEO","3/21/2013","4/20/2013","4/26/2013","92.5","6","1-30 days"
"6833-ETVHD","11/27/2012","12/27/2012","12/18/2012","70.61","0","On Time"
"5920-DPXLN","7/6/2012","8/5/2012","7/22/2012","52.8","0","On Time"
"3831-FXWYK","1/12/2013","2/11/2013","2/16/2013","69.26","5","1-30 days"
"7856-ODQFO","11/19/2012","12/19/2012","12/22/2012","27.62","3","1-30 days"
"4651-PMEXQ","11/17/2012","12/17/2012","12/12/2012","63.85","0","On Time"
"1080-NDGAE","1/11/2012","2/10/2012","2/6/2012","73.06","0","On Time"
"7260-ZHAKS","2/16/2013","3/18/2013","3/14/2013","78.28","0","On Time"
"7600-OISKG","5/1/2013","5/31/2013","6/1/2013","55.53","1","1-30 days"
"6627-ELFBK","9/25/2012","10/25/2012","10/22/2012","36.04","0","On Time"
"7758-WKLVM","10/4/2012","11/3/2012","11/27/2012","94.52","24","1-30 days"
"7209-MDWKR","3/31/2013","4/30/2013","4/28/2013","75.44","0","On Time"
"9286-VLKMI","11/4/2013","12/4/2013","11/5/2013","32.62","0","On Time"
"7654-DOLHO","2/2/2013","3/4/2013","2/17/2013","24.6","0","On Time"
"7938-EVASK","2/23/2012","3/24/2012","4/5/2012","83.08","12","1-30 days"
"8942-ERSWK","4/15/2012","5/15/2012","4/23/2012","38.85","0","On Time"
"6627-ELFBK","3/26/2013","4/25/2013","4/26/2013","92.65","1","1-30 days"
"9323-NDIOV","11/2/2013","12/2/2013","12/6/2013","68.28","4","1-30 days"
"2687-XWAMA","4/30/2013","5/30/2013","5/10/2013","27.34","0","On Time"
"1408-OQZUE","1/18/2013","2/17/2013","2/19/2013","72.29","2","1-30 days"
"6160-HCSFI","3/10/2012","4/9/2012","4/4/2012","81.87","0","On Time"
"9181-HEKGV","8/5/2013","9/4/2013","9/13/2013","72.13","9","1-30 days"
"7329-TWKLF","4/2/2013","5/2/2013","4/16/2013","56.67","0","On Time"
"9323-NDIOV","9/30/2013","10/30/2013","10/29/2013","44.81","0","On Time"
"5573-KSOIA","1/24/2013","2/23/2013","3/14/2013","81.37","19","1-30 days"
"8942-ERSWK","5/3/2013","6/2/2013","5/10/2013","23.32","0","On Time"
"7938-EVASK","6/15/2013","7/15/2013","7/19/2013","44.14","4","1-30 days"
"4460-ZXNDN","6/9/2012","7/9/2012","7/12/2012","64.44","3","1-30 days"
"4460-ZXNDN","10/25/2012","11/24/2012","12/10/2012","75.29","16","1-30 days"
"0688-XNJRO","4/21/2012","5/21/2012","6/8/2012","49.62","18","1-30 days"
"0709-LZRJV","7/21/2013","8/20/2013","8/29/2013","81.77","9","1-30 days"
"8156-PCYBM","5/13/2013","6/12/2013","6/8/2013","70.87","0","On Time"
"9212-BTDMX","10/12/2013","11/11/2013","10/21/2013","66.23","0","On Time"
"2621-XCLEH","6/27/2012","7/27/2012","8/26/2012","69.42","30","1-30 days"
"6831-FIODB","5/22/2012","6/21/2012","7/14/2012","42.16","23","1-30 days"
"1168-BEASA","8/2/2012","9/1/2012","8/26/2012","57.17","0","On Time"
"7856-ODQFO","9/19/2012","10/19/2012","10/17/2012","41.41","0","On Time"
"5920-DPXLN","4/12/2013","5/12/2013","4/24/2013","63.33","0","On Time"
"3569-VJWXS","4/26/2013","5/26/2013","5/12/2013","43.79","0","On Time"
"5924-UOPGH","3/18/2012","4/17/2012","4/6/2012","69.93","0","On Time"
"6833-ETVHD","7/27/2013","8/26/2013","8/13/2013","87.68","0","On Time"
"0465-DTULQ","8/29/2012","9/28/2012","9/28/2012","70.67","0","On Time"
"6296-UKEUZ","7/21/2013","8/20/2013","7/23/2013","15.86","0","On Time"
"9286-VLKMI","8/8/2012","9/7/2012","8/15/2012","41.52","0","On Time"
"9174-IYKOC","5/30/2013","6/29/2013","6/15/2013","87.31","0","On Time"
"5529-TBPGK","12/28/2012","1/27/2013","2/5/2013","68.24","9","1-30 days"
"2423-QOKIO","4/1/2013","5/1/2013","5/1/2013","91.82","0","On Time"
"9322-YCTQO","4/10/2013","5/10/2013","5/16/2013","84.98","6","1-30 days"
"6048-QPZCF","7/7/2013","8/6/2013","8/2/2013","71.96","0","On Time"
"7758-WKLVM","10/23/2013","11/22/2013","11/24/2013","60.3","2","1-30 days"
"9771-QTLGZ","10/26/2012","11/25/2012","11/14/2012","49.25","0","On Time"
"3993-QUNVJ","3/25/2013","4/24/2013","4/8/2013","47.33","0","On Time"
"7329-TWKLF","1/3/2013","2/2/2013","1/16/2013","91.37","0","On Time"
"4651-PMEXQ","9/7/2012","10/7/2012","9/30/2012","72.07","0","On Time"
"2125-HJDLA","7/12/2013","8/11/2013","8/13/2013","85.2","2","1-30 days"
"9250-VHLWY","4/6/2012","5/6/2012","5/5/2012","49.41","0","On Time"
"5164-VMYWJ","3/22/2013","4/21/2013","4/15/2013","72","0","On Time"
"9014-WENVB","9/25/2012","10/25/2012","11/2/2012","69.46","8","1-30 days"
"0465-DTULQ","1/4/2012","2/3/2012","2/4/2012","55.91","1","1-30 days"
"5573-KSOIA","2/23/2013","3/25/2013","3/26/2013","67.52","1","1-30 days"
"7758-WKLVM","4/29/2012","5/29/2012","6/7/2012","84.78","9","1-30 days"
"9725-EZTEJ","10/13/2013","11/12/2013","11/2/2013","84.38","0","On Time"
"5920-DPXLN","2/17/2012","3/18/2012","3/10/2012","61.95","0","On Time"
"8102-ABPKQ","3/12/2013","4/11/2013","4/28/2013","58.52","17","1-30 days"
"9149-MATVB","2/4/2013","3/6/2013","2/28/2013","56.53","0","On Time"
"1080-NDGAE","9/17/2012","10/17/2012","10/18/2012","94.16","1","1-30 days"
"4092-ZAVRG","7/23/2013","8/22/2013","8/11/2013","72.88","0","On Time"
"0709-LZRJV","7/1/2013","7/31/2013","7/18/2013","50.28","0","On Time"
"7050-KQLDO","1/6/2013","2/5/2013","1/19/2013","52.6","0","On Time"
"8156-PCYBM","2/28/2013","3/30/2013","3/28/2013","50.8","0","On Time"
"7050-KQLDO","2/14/2012","3/15/2012","3/16/2012","78.36","1","1-30 days"
"7946-HJDUR","4/28/2013","5/28/2013","6/23/2013","62.86","26","1-30 days"
"6077-FDQRK","11/18/2012","12/18/2012","12/3/2012","53.39","0","On Time"
"6708-DPYTF","4/15/2012","5/15/2012","5/28/2012","58.73","13","1-30 days"
"0706-NRGUP","9/15/2013","10/15/2013","10/6/2013","23.81","0","On Time"
"5164-VMYWJ","3/24/2013","4/23/2013","4/19/2013","82.64","0","On Time"
"3831-FXWYK","3/24/2012","4/23/2012","5/4/2012","89.9","11","1-30 days"
"9181-HEKGV","7/11/2013","8/10/2013","8/26/2013","68.42","16","1-30 days"
"9841-XLGBV","1/28/2013","2/27/2013","2/18/2013","51.83","0","On Time"
"5924-UOPGH","11/23/2013","12/23/2013","12/22/2013","109.96","0","On Time"
"7329-TWKLF","10/2/2012","11/1/2012","11/4/2012","42.35","3","1-30 days"
"2676-DZINU","10/2/2012","11/1/2012","10/21/2012","47.07","0","On Time"
"0625-TNJFG","8/31/2012","9/30/2012","9/23/2012","55.8","0","On Time"
"7228-LEPPM","3/2/2013","4/1/2013","4/12/2013","79.37","11","1-30 days"
"5924-UOPGH","3/11/2012","4/10/2012","4/7/2012","56.47","0","On Time"
"7372-CESLR","6/7/2012","7/7/2012","7/7/2012","26.14","0","On Time"
"9725-EZTEJ","10/5/2013","11/4/2013","11/2/2013","64.05","0","On Time"
"9758-AIEIK","11/14/2013","12/14/2013","12/1/2013","43.82","0","On Time"
"0706-NRGUP","4/18/2012","5/18/2012","5/20/2012","39.25","2","1-30 days"
"1080-NDGAE","11/18/2013","12/18/2013","12/23/2013","83.59","5","1-30 days"
"2687-XWAMA","10/17/2012","11/16/2012","10/29/2012","84.13","0","On Time"
"1168-BEASA","4/4/2013","5/4/2013","4/27/2013","40.48","0","On Time"
"9841-XLGBV","8/30/2012","9/29/2012","9/23/2012","32.24","0","On Time"
"2125-HJDLA","2/11/2012","3/12/2012","3/28/2012","68.08","16","1-30 days"
"5924-UOPGH","11/18/2013","12/18/2013","11/28/2013","78.83","0","On Time"
"7050-KQLDO","10/17/2012","11/16/2012","10/25/2012","72.67","0","On Time"
"9212-BTDMX","6/22/2012","7/22/2012","7/11/2012","49.08","0","On Time"
"2026-XLBER","1/14/2012","2/13/2012","1/30/2012","45.41","0","On Time"
"2676-DZINU","1/20/2012","2/19/2012","2/10/2012","78.09","0","On Time"
"8942-ERSWK","10/29/2013","11/28/2013","11/6/2013","12.62","0","On Time"
"3271-YDPUJ","3/28/2013","4/27/2013","4/21/2013","41.38","0","On Time"
"8156-PCYBM","8/22/2013","9/21/2013","9/18/2013","52.87","0","On Time"
"9149-MATVB","1/9/2013","2/8/2013","2/3/2013","36.93","0","On Time"
"7856-ODQFO","6/23/2013","7/23/2013","7/9/2013","40.69","0","On Time"
"2687-XWAMA","5/5/2013","6/4/2013","5/12/2013","73.15","0","On Time"
"6177-VTITE","9/29/2012","10/29/2012","10/16/2012","34.5","0","On Time"
"0625-TNJFG","9/30/2012","10/30/2012","10/24/2012","74.49","0","On Time"
"9286-VLKMI","2/9/2012","3/10/2012","2/20/2012","53.33","0","On Time"
"7329-TWKLF","11/14/2013","12/14/2013","11/25/2013","89.35","0","On Time"
"6048-QPZCF","7/12/2013","8/11/2013","7/28/2013","71.45","0","On Time"
"2447-JCFGW","3/22/2012","4/21/2012","4/19/2012","25.66","0","On Time"
"0625-TNJFG","9/10/2012","10/10/2012","10/12/2012","70.6","2","1-30 days"
"3271-HYHDN","8/20/2013","9/19/2013","8/22/2013","32.87","0","On Time"
"0625-TNJFG","9/30/2012","10/30/2012","10/31/2012","39.69","1","1-30 days"
"2824-HJQPP","5/29/2012","6/28/2012","6/28/2012","77.54","0","On Time"
"1168-BEASA","12/12/2012","1/11/2013","12/23/2012","47.08","0","On Time"
"6296-UKEUZ","3/22/2013","4/21/2013","3/25/2013","22.93","0","On Time"
"9928-IJYBQ","1/29/2013","2/28/2013","3/1/2013","54.42","1","1-30 days"
"8887-NCUZC","11/29/2012","12/29/2012","12/21/2012","10.94","0","On Time"
"6708-DPYTF","4/24/2013","5/24/2013","5/28/2013","89.07","4","1-30 days"
"8976-AMJEO","1/18/2013","2/17/2013","2/5/2013","84.87","0","On Time"
"0783-PEPYR","2/22/2012","3/23/2012","3/31/2012","107.11","8","1-30 days"
"0187-ERLSR","3/22/2013","4/21/2013","3/27/2013","86.92","0","On Time"
"3271-HYHDN","5/2/2012","6/1/2012","5/5/2012","59.17","0","On Time"
"8389-TCXFQ","10/21/2012","11/20/2012","11/6/2012","42.87","0","On Time"
"5164-VMYWJ","2/15/2013","3/17/2013","3/2/2013","46.24","0","On Time"
"8976-AMJEO","6/23/2013","7/23/2013","7/22/2013","43.74","0","On Time"
"7758-WKLVM","7/7/2012","8/6/2012","8/19/2012","51.31","13","1-30 days"
"6833-ETVHD","8/16/2012","9/15/2012","9/3/2012","80.87","0","On Time"
"0465-DTULQ","8/30/2012","9/29/2012","10/14/2012","28.95","15","1-30 days"
"7329-TWKLF","1/24/2012","2/23/2012","2/11/2012","80.71","0","On Time"
"9149-MATVB","9/3/2012","10/3/2012","10/3/2012","38.59","0","On Time"
"3598-DNURW","1/6/2013","2/5/2013","1/16/2013","58.49","0","On Time"
"5164-VMYWJ","4/8/2012","5/8/2012","4/25/2012","76.68","0","On Time"
"8942-ERSWK","5/31/2012","6/30/2012","6/8/2012","24.59","0","On Time"
"5164-VMYWJ","4/16/2013","5/16/2013","5/19/2013","52.57","3","1-30 days"
"5592-UQXSS","10/6/2013","11/5/2013","11/4/2013","36.26","0","On Time"
"7695-NKUXM","2/17/2012","3/18/2012","3/7/2012","70.57","0","On Time"
"2824-HJQPP","10/18/2013","11/17/2013","10/27/2013","59.07","0","On Time"
"3993-QUNVJ","8/17/2012","9/16/2012","9/2/2012","37.24","0","On Time"
"2676-DZINU","7/21/2013","8/20/2013","8/1/2013","73.61","0","On Time"
"8156-PCYBM","12/26/2012","1/25/2013","1/31/2013","104.02","6","1-30 days"
"9212-BTDMX","5/19/2012","6/18/2012","5/30/2012","82.21","0","On Time"
"2676-DZINU","6/12/2012","7/12/2012","7/5/2012","60.19","0","On Time"
"7050-KQLDO","8/10/2012","9/9/2012","9/10/2012","47.99","1","1-30 days"
"5573-KSOIA","5/17/2013","6/16/2013","7/4/2013","98.88","18","1-30 days"
"7758-WKLVM","9/4/2013","10/4/2013","10/18/2013","72.09","14","1-30 days"
"8102-ABPKQ","9/27/2012","10/27/2012","11/8/2012","58.99","12","1-30 days"
"7654-DOLHO","9/15/2012","10/15/2012","10/8/2012","46.03","0","On Time"
"9212-BTDMX","5/17/2012","6/16/2012","6/9/2012","66.55","0","On Time"
"3598-DNURW","11/15/2013","12/15/2013","11/23/2013","91.34","0","On Time"
"9212-BTDMX","3/26/2012","4/25/2012","4/15/2012","53.69","0","On Time"
"5284-DJOZO","3/24/2012","4/23/2012","4/19/2012","89.67","0","On Time"
"0187-ERLSR","12/6/2012","1/5/2013","12/19/2012","59","0","On Time"
"9928-IJYBQ","1/7/2012","2/6/2012","2/5/2012","78.92","0","On Time"
"4092-ZAVRG","5/20/2012","6/19/2012","5/22/2012","62.96","0","On Time"
"2687-XWAMA","12/25/2012","1/24/2013","1/13/2013","54.66","0","On Time"
"9212-BTDMX","2/16/2012","3/17/2012","3/6/2012","58.85","0","On Time"
"3993-QUNVJ","1/4/2013","2/3/2013","1/30/2013","88.48","0","On Time"
"9883-SDWFS","7/15/2013","8/14/2013","8/23/2013","47.13","9","1-30 days"
"5613-UHVMG","9/30/2013","10/30/2013","11/5/2013","53.8","6","1-30 days"
"5529-TBPGK","7/8/2012","8/7/2012","8/1/2012","65.27","0","On Time"
"6627-ELFBK","5/20/2012","6/19/2012","6/16/2012","54.82","0","On Time"
"6160-HCSFI","1/6/2013","2/5/2013","2/1/2013","85.64","0","On Time"
"9883-SDWFS","11/13/2013","12/13/2013","12/4/2013","32.02","0","On Time"
"9460-VAZGD","6/6/2012","7/6/2012","6/26/2012","67.82","0","On Time"
"9771-QTLGZ","5/26/2013","6/25/2013","6/6/2013","56.56","0","On Time"
"9323-NDIOV","6/21/2012","7/21/2012","8/7/2012","53.66","17","1-30 days"
"8156-PCYBM","5/12/2012","6/11/2012","6/11/2012","93.36","0","On Time"
"9250-VHLWY","6/16/2012","7/16/2012","7/15/2012","51.81","0","On Time"
"8887-NCUZC","1/10/2012","2/9/2012","2/19/2012","7.45","10","1-30 days"
"6833-ETVHD","10/26/2012","11/25/2012","11/18/2012","47.52","0","On Time"
"9181-HEKGV","6/17/2012","7/17/2012","7/21/2012","66.07","4","1-30 days"
"5613-UHVMG","1/24/2012","2/23/2012","3/21/2012","49.62","27","1-30 days"
"9117-LYRCE","11/4/2013","12/4/2013","11/27/2013","47.33","0","On Time"
"6160-HCSFI","10/3/2013","11/2/2013","10/17/2013","68.64","0","On Time"
"6708-DPYTF","2/17/2013","3/19/2013","3/14/2013","56.99","0","On Time"
"9928-IJYBQ","7/25/2012","8/24/2012","8/26/2012","38.61","2","1-30 days"
"3676-CQAIF","1/14/2013","2/13/2013","2/3/2013","10.64","0","On Time"
"7946-HJDUR","6/24/2012","7/24/2012","7/20/2012","61.9","0","On Time"
"9117-LYRCE","5/27/2013","6/26/2013","7/5/2013","48.73","9","1-30 days"
"7841-HROAQ","7/3/2013","8/2/2013","8/10/2013","63.03","8","1-30 days"
"0688-XNJRO","2/19/2013","3/21/2013","3/21/2013","25.38","0","On Time"
"7695-NKUXM","7/1/2013","7/31/2013","7/6/2013","44.25","0","On Time"
"7329-TWKLF","1/27/2013","2/26/2013","2/16/2013","94.38","0","On Time"
"9286-VLKMI","1/9/2013","2/8/2013","1/12/2013","52.9","0","On Time"
"7228-LEPPM","1/21/2013","2/20/2013","3/13/2013","89.96","21","1-30 days"
"9460-VAZGD","2/22/2012","3/23/2012","3/13/2012","57.14","0","On Time"
"4632-QZOKX","11/3/2012","12/3/2012","12/26/2012","64.04","23","1-30 days"
"9928-IJYBQ","7/10/2012","8/9/2012","8/3/2012","34.63","0","On Time"
"9149-MATVB","11/8/2013","12/8/2013","11/25/2013","34.65","0","On Time"
"9174-IYKOC","9/29/2012","10/29/2012","10/29/2012","66.8","0","On Time"
"2447-JCFGW","10/26/2013","11/25/2013","11/10/2013","82.34","0","On Time"
"5920-DPXLN","10/2/2013","11/1/2013","10/23/2013","53.12","0","On Time"
"6048-QPZCF","6/28/2013","7/28/2013","7/14/2013","68.2","0","On Time"
"1604-LIFKX","5/31/2013","6/30/2013","7/5/2013","77.66","5","1-30 days"
"6831-FIODB","6/5/2012","7/5/2012","8/4/2012","71.5","30","1-30 days"
"6391-GBFQJ","3/4/2013","4/3/2013","4/3/2013","46.49","0","On Time"
"0379-NEVHP","7/1/2012","7/31/2012","7/17/2012","42.25","0","On Time"
"1408-OQZUE","7/4/2012","8/3/2012","9/1/2012","53.95","29","1-30 days"
"9149-MATVB","7/15/2013","8/14/2013","8/5/2013","46.53","0","On Time"
"5196-TWQXF","12/30/2012","1/29/2013","1/10/2013","45.8","0","On Time"
"6296-UKEUZ","2/6/2013","3/8/2013","2/8/2013","22","0","On Time"
"2687-XWAMA","8/8/2013","9/7/2013","8/19/2013","62.58","0","On Time"
"8690-EEBEO","9/21/2013","10/21/2013","10/18/2013","40.94","0","On Time"
"2447-JCFGW","8/22/2013","9/21/2013","9/17/2013","37.25","0","On Time"
"7695-NKUXM","9/22/2013","10/22/2013","9/24/2013","57.04","0","On Time"
"5196-TWQXF","11/8/2013","12/8/2013","11/21/2013","69.22","0","On Time"
"2820-XGXSB","2/3/2012","3/4/2012","2/12/2012","83.15","0","On Time"
"1447-YZKCL","5/17/2013","6/16/2013","6/8/2013","58.35","0","On Time"
"8887-NCUZC","9/19/2013","10/19/2013","10/12/2013","16.58","0","On Time"
"1408-OQZUE","9/23/2013","10/23/2013","11/5/2013","40.66","13","1-30 days"
"6708-DPYTF","1/3/2012","2/2/2012","2/16/2012","55.37","14","1-30 days"
"6632-CGYHU","9/1/2013","10/1/2013","9/7/2013","68.88","0","On Time"
"3569-VJWXS","5/7/2013","6/6/2013","5/21/2013","50.63","0","On Time"
"8887-NCUZC","5/26/2013","6/25/2013","7/5/2013","27.84","10","1-30 days"
"1080-NDGAE","11/13/2013","12/13/2013","12/16/2013","101.93","3","1-30 days"
"3993-QUNVJ","8/14/2013","9/13/2013","8/26/2013","54.2","0","On Time"
"1080-NDGAE","10/18/2012","11/17/2012","11/17/2012","73.57","0","On Time"
"3568-JJMFW","9/6/2013","10/6/2013","9/12/2013","45.02","0","On Time"
"3448-OWJOT","7/17/2013","8/16/2013","8/10/2013","76.89","0","On Time"
"2824-HJQPP","2/29/2012","3/30/2012","3/28/2012","60.86","0","On Time"
"6833-ETVHD","3/28/2013","4/27/2013","4/15/2013","60.25","0","On Time"
"8942-ERSWK","2/17/2012","3/18/2012","2/29/2012","38.97","0","On Time"
"2687-XWAMA","7/14/2012","8/13/2012","7/25/2012","62.66","0","On Time"
"9181-HEKGV","5/2/2012","6/1/2012","6/6/2012","58.19","5","1-30 days"
"2824-HJQPP","11/18/2012","12/18/2012","12/5/2012","51.6","0","On Time"
"2824-HJQPP","2/2/2012","3/3/2012","3/3/2012","70.47","0","On Time"
"3568-JJMFW","8/3/2013","9/2/2013","8/24/2013","64.53","0","On Time"
"2676-DZINU","5/3/2012","6/2/2012","5/23/2012","59.78","0","On Time"
"7841-HROAQ","2/1/2012","3/2/2012","3/9/2012","56.2","7","1-30 days"
"7372-CESLR","1/10/2012","2/9/2012","2/3/2012","47.75","0","On Time"
"9322-YCTQO","4/13/2012","5/13/2012","5/23/2012","83.24","10","1-30 days"
"0187-ERLSR","10/17/2013","11/16/2013","10/20/2013","77.19","0","On Time"
"5529-TBPGK","8/16/2012","9/15/2012","9/23/2012","59.21","8","1-30 days"
"3271-YDPUJ","7/27/2012","8/26/2012","8/24/2012","46.31","0","On Time"
"6296-UKEUZ","9/7/2013","10/7/2013","9/8/2013","61.24","0","On Time"
"9323-NDIOV","11/19/2012","12/19/2012","12/20/2012","60.46","1","1-30 days"
"9286-VLKMI","1/31/2012","3/1/2012","2/4/2012","73.32","0","On Time"
"7372-CESLR","5/25/2012","6/24/2012","6/13/2012","34.58","0","On Time"
"3448-OWJOT","10/3/2013","11/2/2013","11/9/2013","64.74","7","1-30 days"
"3448-OWJOT","1/30/2012","2/29/2012","3/11/2012","85.22","11","1-30 days"
"7946-HJDUR","9/1/2012","10/1/2012","9/27/2012","60.57","0","On Time"
"0688-XNJRO","5/2/2013","6/1/2013","6/16/2013","41.31","15","1-30 days"
"8820-BLYDZ","7/19/2012","8/18/2012","7/28/2012","70.13","0","On Time"
"6632-CGYHU","9/16/2013","10/16/2013","9/28/2013","68.47","0","On Time"
"8102-ABPKQ","7/5/2013","8/4/2013","8/29/2013","85.3","25","1-30 days"
"8364-UWVLM","6/4/2013","7/4/2013","6/24/2013","63.58","0","On Time"
"7228-LEPPM","1/23/2012","2/22/2012","3/8/2012","87.1","15","1-30 days"
"7329-TWKLF","7/6/2012","8/5/2012","8/1/2012","73.84","0","On Time"
"5920-DPXLN","10/23/2013","11/22/2013","11/5/2013","61.19","0","On Time"
"8820-BLYDZ","5/28/2012","6/27/2012","6/12/2012","95.99","0","On Time"
"2687-XWAMA","10/15/2012","11/14/2012","10/20/2012","57.88","0","On Time"
"4632-QZOKX","1/12/2013","2/11/2013","2/20/2013","65.61","9","1-30 days"
"9322-YCTQO","5/22/2013","6/21/2013","6/25/2013","98.35","4","1-30 days"
"1080-NDGAE","4/27/2012","5/27/2012","5/22/2012","96.6","0","On Time"
"7600-OISKG","8/25/2013","9/24/2013","9/14/2013","60.57","0","On Time"
"5148-SYKLB","6/11/2013","7/11/2013","7/23/2013","84.15","12","1-30 days"
"3569-VJWXS","4/3/2012","5/3/2012","4/30/2012","65.75","0","On Time"
"6048-QPZCF","6/6/2012","7/6/2012","6/12/2012","96.48","0","On Time"
"9181-HEKGV","12/30/2012","1/29/2013","3/4/2013","87","34","31-60 days"
"6831-FIODB","2/16/2012","3/17/2012","3/16/2012","57.07","0","On Time"
"3676-CQAIF","6/1/2012","7/1/2012","7/20/2012","53.81","19","1-30 days"
"2125-HJDLA","2/13/2012","3/14/2012","3/29/2012","24.25","15","1-30 days"
"6160-HCSFI","11/26/2013","12/26/2013","12/7/2013","80.85","0","On Time"
"5196-TWQXF","2/3/2013","3/5/2013","2/25/2013","65.47","0","On Time"
"0783-PEPYR","9/18/2013","10/18/2013","10/19/2013","58.58","1","1-30 days"
"6833-ETVHD","8/12/2013","9/11/2013","9/6/2013","62.4","0","On Time"
"1604-LIFKX","10/18/2013","11/17/2013","11/27/2013","51.64","10","1-30 days"
"9117-LYRCE","9/25/2012","10/25/2012","11/1/2012","37.19","7","1-30 days"
"4092-ZAVRG","8/7/2013","9/6/2013","8/8/2013","73.08","0","On Time"
"0465-DTULQ","6/16/2012","7/16/2012","8/3/2012","39.87","18","1-30 days"
"9883-SDWFS","4/27/2013","5/27/2013","6/18/2013","42.86","22","1-30 days"
"3448-OWJOT","9/30/2013","10/30/2013","10/27/2013","73.99","0","On Time"
"5592-UQXSS","4/7/2012","5/7/2012","5/12/2012","37.08","5","1-30 days"
"8690-EEBEO","8/11/2013","9/10/2013","9/7/2013","62.83","0","On Time"
"5592-UQXSS","6/5/2013","7/5/2013","6/21/2013","34.36","0","On Time"
"6708-DPYTF","3/20/2013","4/19/2013","4/28/2013","81.59","9","1-30 days"
"7329-TWKLF","10/21/2013","11/20/2013","11/13/2013","78.59","0","On Time"
"0625-TNJFG","7/5/2013","8/4/2013","8/6/2013","69.85","2","1-30 days"
"9322-YCTQO","5/17/2013","6/16/2013","6/23/2013","70.98","7","1-30 days"
"4640-FGEJI","10/21/2013","11/20/2013","11/14/2013","97.42","0","On Time"
"0783-PEPYR","4/29/2012","5/29/2012","6/11/2012","50.55","13","1-30 days"
"8156-PCYBM","6/10/2013","7/10/2013","7/14/2013","62.64","4","1-30 days"
"7260-ZHAKS","8/30/2012","9/29/2012","9/26/2012","100.51","0","On Time"
"2820-XGXSB","5/2/2012","6/1/2012","5/7/2012","73.62","0","On Time"
"8820-BLYDZ","8/28/2013","9/27/2013","8/31/2013","98.83","0","On Time"
"8389-TCXFQ","1/9/2013","2/8/2013","1/24/2013","51.2","0","On Time"
"4651-PMEXQ","9/5/2013","10/5/2013","9/28/2013","70.29","0","On Time"
"6833-ETVHD","10/1/2012","10/31/2012","10/20/2012","74.56","0","On Time"
"3831-FXWYK","11/2/2012","12/2/2012","12/17/2012","74.47","15","1-30 days"
"9725-EZTEJ","5/25/2013","6/24/2013","6/18/2013","109.81","0","On Time"
"5573-KSOIA","10/2/2013","11/1/2013","10/26/2013","84.31","0","On Time"
"9771-QTLGZ","2/28/2013","3/30/2013","3/9/2013","48.87","0","On Time"
"7758-WKLVM","4/11/2012","5/11/2012","5/17/2012","30.06","6","1-30 days"
"7260-ZHAKS","1/23/2013","2/22/2013","2/6/2013","83.32","0","On Time"
"0465-DTULQ","1/30/2012","2/29/2012","3/21/2012","59.34","21","1-30 days"
"4640-FGEJI","11/6/2012","12/6/2012","12/6/2012","95.58","0","On Time"
"8156-PCYBM","11/25/2012","12/25/2012","12/20/2012","46","0","On Time"
"1447-YZKCL","11/1/2012","12/1/2012","12/10/2012","61.2","9","1-30 days"
"1080-NDGAE","6/29/2013","7/29/2013","8/1/2013","89.97","3","1-30 days"
"0625-TNJFG","11/5/2013","12/5/2013","12/2/2013","44.4","0","On Time"
"5924-UOPGH","9/22/2012","10/22/2012","10/7/2012","96.58","0","On Time"
"0783-PEPYR","2/17/2013","3/19/2013","3/30/2013","59.36","11","1-30 days"
"6627-ELFBK","8/21/2013","9/20/2013","9/9/2013","77.24","0","On Time"
"0783-PEPYR","8/22/2013","9/21/2013","10/5/2013","50.69","14","1-30 days"
"7938-EVASK","1/19/2012","2/18/2012","2/29/2012","43.77","11","1-30 days"
"4092-ZAVRG","8/25/2012","9/24/2012","8/28/2012","72.2","0","On Time"
"3271-HYHDN","7/23/2013","8/22/2013","7/23/2013","71.02","0","On Time"
"5924-UOPGH","2/10/2013","3/12/2013","3/2/2013","61.46","0","On Time"
"7841-HROAQ","8/25/2012","9/24/2012","9/25/2012","72.94","1","1-30 days"
"6833-ETVHD","1/7/2013","2/6/2013","1/22/2013","67.51","0","On Time"
"2423-QOKIO","1/27/2012","2/26/2012","3/5/2012","53.73","8","1-30 days"
"5924-UOPGH","9/25/2013","10/25/2013","10/9/2013","76.69","0","On Time"
"6004-KITZM","2/23/2013","3/25/2013","3/15/2013","70.9","0","On Time"
"7695-NKUXM","11/16/2012","12/16/2012","11/29/2012","69.4","0","On Time"
"5613-UHVMG","2/7/2013","3/9/2013","4/1/2013","72.82","23","1-30 days"
"6833-ETVHD","1/24/2013","2/23/2013","2/11/2013","59.25","0","On Time"
"6048-QPZCF","5/16/2013","6/15/2013","5/22/2013","92.96","0","On Time"
"7946-HJDUR","6/3/2013","7/3/2013","6/30/2013","75.07","0","On Time"
"7758-WKLVM","5/28/2012","6/27/2012","6/25/2012","55.22","0","On Time"
"0688-XNJRO","4/12/2013","5/12/2013","6/4/2013","34.75","23","1-30 days"
"9174-IYKOC","3/21/2012","4/20/2012","5/12/2012","68.81","22","1-30 days"
"7050-KQLDO","4/7/2013","5/7/2013","4/30/2013","57.24","0","On Time"
"9323-NDIOV","12/9/2012","1/8/2013","1/7/2013","54.49","0","On Time"
"6004-KITZM","11/20/2012","12/20/2012","12/7/2012","64.27","0","On Time"
"6391-GBFQJ","3/28/2013","4/27/2013","4/21/2013","7.33","0","On Time"
"4640-FGEJI","9/1/2013","10/1/2013","9/24/2013","42.37","0","On Time"
"6160-HCSFI","6/4/2013","7/4/2013","6/20/2013","68.97","0","On Time"
"9149-MATVB","7/2/2013","8/1/2013","7/25/2013","36.26","0","On Time"
"4460-ZXNDN","10/1/2012","10/31/2012","11/3/2012","59.6","3","1-30 days"
"0706-NRGUP","12/5/2012","1/4/2013","12/30/2012","25.78","0","On Time"
"1604-LIFKX","12/22/2012","1/21/2013","2/5/2013","52.62","15","1-30 days"
"3271-YDPUJ","1/21/2013","2/20/2013","2/22/2013","64.44","2","1-30 days"
"6160-HCSFI","2/2/2013","3/4/2013","2/23/2013","85.52","0","On Time"
"7946-HJDUR","8/19/2013","9/18/2013","9/20/2013","51.94","2","1-30 days"
"1604-LIFKX","6/28/2012","7/28/2012","8/11/2012","59.91","14","1-30 days"
"2621-XCLEH","3/23/2012","4/22/2012","5/14/2012","89.05","22","1-30 days"
"6833-ETVHD","10/17/2013","11/16/2013","11/6/2013","71.7","0","On Time"
"6632-CGYHU","8/7/2013","9/6/2013","8/18/2013","70.51","0","On Time"
"1447-YZKCL","9/13/2012","10/13/2012","10/13/2012","55.14","0","On Time"
"6077-FDQRK","8/15/2013","9/14/2013","8/27/2013","58.36","0","On Time"
"7209-MDWKR","10/4/2012","11/3/2012","11/14/2012","55.88","11","1-30 days"
"4640-FGEJI","7/5/2012","8/4/2012","8/13/2012","66.54","9","1-30 days"
"1447-YZKCL","11/16/2013","12/16/2013","12/17/2013","77.33","1","1-30 days"
"4651-PMEXQ","7/1/2012","7/31/2012","8/2/2012","94.97","2","1-30 days"
"0187-ERLSR","11/11/2013","12/11/2013","11/24/2013","83.18","0","On Time"
"9725-EZTEJ","4/22/2012","5/22/2012","6/5/2012","72.32","14","1-30 days"
"9286-VLKMI","2/13/2013","3/15/2013","2/18/2013","51.43","0","On Time"
"3676-CQAIF","6/10/2012","7/10/2012","7/28/2012","35.32","18","1-30 days"
"4092-ZAVRG","6/27/2012","7/27/2012","6/30/2012","73.09","0","On Time"
"3568-JJMFW","4/21/2012","5/21/2012","5/3/2012","63.97","0","On Time"
"0783-PEPYR","9/2/2012","10/2/2012","10/9/2012","57.26","7","1-30 days"
"0625-TNJFG","11/19/2012","12/19/2012","12/13/2012","62.84","0","On Time"
"9212-BTDMX","7/15/2012","8/14/2012","7/28/2012","24.91","0","On Time"
"0379-NEVHP","1/9/2013","2/8/2013","1/27/2013","34.41","0","On Time"
"2687-XWAMA","6/26/2012","7/26/2012","7/10/2012","47.64","0","On Time"
"2026-XLBER","9/8/2013","10/8/2013","9/17/2013","55.16","0","On Time"
"5284-DJOZO","12/14/2012","1/13/2013","12/18/2012","82.19","0","On Time"
"8942-ERSWK","11/17/2012","12/17/2012","12/3/2012","29.41","0","On Time"
"1408-OQZUE","12/12/2012","1/11/2013","1/27/2013","64.29","16","1-30 days"
"6708-DPYTF","10/3/2013","11/2/2013","11/3/2013","105.25","1","1-30 days"
"2687-XWAMA","1/21/2012","2/20/2012","2/2/2012","32.78","0","On Time"
"0625-TNJFG","7/13/2013","8/12/2013","8/4/2013","81.63","0","On Time"
"2621-XCLEH","3/2/2012","4/1/2012","4/28/2012","67.51","27","1-30 days"
"3831-FXWYK","8/9/2012","9/8/2012","9/10/2012","73.9","2","1-30 days"
"6833-ETVHD","1/10/2012","2/9/2012","2/10/2012","71.66","1","1-30 days"
"9149-MATVB","4/1/2012","5/1/2012","4/30/2012","56.1","0","On Time"
"0625-TNJFG","2/24/2012","3/25/2012","3/25/2012","62.39","0","On Time"
"3831-FXWYK","9/2/2013","10/2/2013","9/27/2013","56.31","0","On Time"
"3271-YDPUJ","1/18/2013","2/17/2013","2/24/2013","44.79","7","1-30 days"
"9250-VHLWY","1/9/2013","2/8/2013","2/11/2013","52.53","3","1-30 days"
"5196-TWQXF","5/26/2013","6/25/2013","6/16/2013","55.1","0","On Time"
"7050-KQLDO","1/28/2012","2/27/2012","2/16/2012","64.89","0","On Time"
"7758-WKLVM","3/19/2012","4/18/2012","5/9/2012","48.42","21","1-30 days"
"2687-XWAMA","5/13/2012","6/12/2012","5/23/2012","56.25","0","On Time"
"7209-MDWKR","7/14/2013","8/13/2013","8/19/2013","62.32","6","1-30 days"
"0688-XNJRO","7/5/2012","8/4/2012","8/15/2012","24.42","11","1-30 days"
"3271-YDPUJ","8/24/2012","9/23/2012","9/13/2012","23.08","0","On Time"
"6632-CGYHU","5/29/2013","6/28/2013","6/6/2013","85.89","0","On Time"
"9149-MATVB","6/5/2012","7/5/2012","7/13/2012","64.06","8","1-30 days"
"8102-ABPKQ","3/17/2013","4/16/2013","5/3/2013","76.85","17","1-30 days"
"1447-YZKCL","5/25/2012","6/24/2012","6/26/2012","71.36","2","1-30 days"
"9174-IYKOC","7/9/2013","8/8/2013","8/2/2013","65.39","0","On Time"
"3568-JJMFW","12/30/2012","1/29/2013","1/17/2013","56.93","0","On Time"
"6708-DPYTF","7/4/2012","8/3/2012","8/16/2012","76.81","13","1-30 days"
"7938-EVASK","5/4/2013","6/3/2013","5/28/2013","65.79","0","On Time"
"3448-OWJOT","2/19/2012","3/20/2012","3/28/2012","74.94","8","1-30 days"
"9174-IYKOC","3/19/2013","4/18/2013","4/6/2013","57.46","0","On Time"
"3831-FXWYK","3/25/2013","4/24/2013","4/27/2013","85.86","3","1-30 days"
"9250-VHLWY","4/16/2012","5/16/2012","5/8/2012","49.7","0","On Time"
"7209-MDWKR","1/21/2012","2/20/2012","2/16/2012","81.9","0","On Time"
"9322-YCTQO","10/30/2013","11/29/2013","11/25/2013","91.32","0","On Time"
"1604-LIFKX","1/3/2012","2/2/2012","2/25/2012","97.6","23","1-30 days"
"1168-BEASA","8/18/2013","9/17/2013","9/12/2013","58.68","0","On Time"
"6177-VTITE","6/30/2013","7/30/2013","7/14/2013","21.89","0","On Time"
"9758-AIEIK","2/13/2012","3/14/2012","3/3/2012","55.42","0","On Time"
"2423-QOKIO","7/9/2012","8/8/2012","8/16/2012","70.43","8","1-30 days"
"8887-NCUZC","6/11/2013","7/11/2013","7/9/2013","53.19","0","On Time"
"5592-UQXSS","11/6/2013","12/6/2013","12/11/2013","44.87","5","1-30 days"
"3831-FXWYK","1/5/2013","2/4/2013","2/18/2013","63.12","14","1-30 days"
"5196-TWQXF","5/13/2013","6/12/2013","6/4/2013","16.57","0","On Time"
"3831-FXWYK","11/18/2013","12/18/2013","12/15/2013","78.37","0","On Time"
"0688-XNJRO","7/16/2013","8/15/2013","8/23/2013","25.79","8","1-30 days"
"8690-EEBEO","8/19/2012","9/18/2012","9/23/2012","59.4","5","1-30 days"
"8976-AMJEO","5/23/2013","6/22/2013","6/18/2013","39.6","0","On Time"
"2125-HJDLA","3/7/2012","4/6/2012","4/22/2012","38.45","16","1-30 days"
"5573-KSOIA","8/29/2013","9/28/2013","9/30/2013","87.37","2","1-30 days"
"3448-OWJOT","8/22/2012","9/21/2012","10/8/2012","48.72","17","1-30 days"
"6177-VTITE","11/2/2013","12/2/2013","11/10/2013","55.11","0","On Time"
"2824-HJQPP","7/27/2013","8/26/2013","8/18/2013","36.02","0","On Time"
"0187-ERLSR","3/4/2013","4/3/2013","3/11/2013","31.72","0","On Time"
"9174-IYKOC","3/8/2012","4/7/2012","4/12/2012","35.46","5","1-30 days"
"7654-DOLHO","12/27/2012","1/26/2013","1/23/2013","5.26","0","On Time"
"2687-XWAMA","10/14/2013","11/13/2013","10/19/2013","48.8","0","On Time"
"8887-NCUZC","10/9/2013","11/8/2013","11/13/2013","55.55","5","1-30 days"
"3271-YDPUJ","5/27/2013","6/26/2013","6/12/2013","30.23","0","On Time"
"0187-ERLSR","5/7/2013","6/6/2013","5/15/2013","79.87","0","On Time"
"9174-IYKOC","10/13/2012","11/12/2012","11/6/2012","73.75","0","On Time"
"6077-FDQRK","7/26/2012","8/25/2012","8/17/2012","63.03","0","On Time"
"4460-ZXNDN","4/9/2012","5/9/2012","5/25/2012","61.97","16","1-30 days"
"8364-UWVLM","2/29/2012","3/30/2012","3/29/2012","68.31","0","On Time"
"5875-VZQCZ","3/18/2013","4/17/2013","5/11/2013","81.21","24","1-30 days"
"9771-QTLGZ","5/21/2012","6/20/2012","6/17/2012","55.54","0","On Time"
"6077-FDQRK","7/10/2012","8/9/2012","8/2/2012","53.52","0","On Time"
"6048-QPZCF","9/25/2012","10/25/2012","9/30/2012","84.23","0","On Time"
"6004-KITZM","4/16/2013","5/16/2013","5/5/2013","72.88","0","On Time"
"8887-NCUZC","1/3/2012","2/2/2012","2/15/2012","15.99","13","1-30 days"
"7695-NKUXM","8/25/2012","9/24/2012","8/29/2012","27.52","0","On Time"
"0625-TNJFG","11/11/2013","12/11/2013","12/1/2013","83.68","0","On Time"
"4092-ZAVRG","2/10/2013","3/12/2013","2/11/2013","73.56","0","On Time"
"2125-HJDLA","10/5/2012","11/4/2012","10/31/2012","32.05","0","On Time"
"9841-XLGBV","7/27/2013","8/26/2013","8/24/2013","31.12","0","On Time"
"7938-EVASK","9/7/2012","10/7/2012","9/29/2012","111.21","0","On Time"
"5148-SYKLB","6/18/2012","7/18/2012","7/31/2012","88.48","13","1-30 days"
"3993-QUNVJ","7/23/2012","8/22/2012","8/9/2012","61.76","0","On Time"
"6177-VTITE","2/11/2013","3/13/2013","2/27/2013","57.05","0","On Time"
"7228-LEPPM","6/30/2012","7/30/2012","8/13/2012","69.15","14","1-30 days"
"6708-DPYTF","4/29/2013","5/29/2013","5/23/2013","82.04","0","On Time"
"0688-XNJRO","2/8/2012","3/9/2012","3/25/2012","68.28","16","1-30 days"
"6296-UKEUZ","3/16/2012","4/15/2012","3/18/2012","43.39","0","On Time"
"1168-BEASA","9/6/2012","10/6/2012","9/25/2012","43.17","0","On Time"
"2621-XCLEH","4/27/2013","5/27/2013","6/3/2013","65.76","7","1-30 days"
"6160-HCSFI","7/26/2012","8/25/2012","8/21/2012","60.72","0","On Time"
"6048-QPZCF","9/3/2013","10/3/2013","9/21/2013","90.27","0","On Time"
"9286-VLKMI","6/1/2012","7/1/2012","6/10/2012","86.5","0","On Time"
"6048-QPZCF","2/24/2012","3/25/2012","3/19/2012","72.76","0","On Time"
"7856-ODQFO","7/2/2012","8/1/2012","8/1/2012","30.12","0","On Time"
"3831-FXWYK","9/1/2012","10/1/2012","9/27/2012","78.39","0","On Time"
"0465-DTULQ","11/25/2013","12/25/2013","12/23/2013","72.36","0","On Time"
"1168-BEASA","4/22/2013","5/22/2013","5/15/2013","52.07","0","On Time"
"3569-VJWXS","8/31/2013","9/30/2013","9/17/2013","60.26","0","On Time"
"8976-AMJEO","7/8/2012","8/7/2012","7/26/2012","54.59","0","On Time"
"2447-JCFGW","5/29/2012","6/28/2012","6/24/2012","50.96","0","On Time"
"5875-VZQCZ","11/4/2013","12/4/2013","12/7/2013","62.17","3","1-30 days"
"9771-QTLGZ","8/28/2012","9/27/2012","9/16/2012","61.37","0","On Time"
"0379-NEVHP","9/10/2012","10/10/2012","9/28/2012","72.97","0","On Time"
"4651-PMEXQ","6/13/2013","7/13/2013","6/30/2013","78.76","0","On Time"
"9286-VLKMI","12/7/2012","1/6/2013","12/16/2012","60.39","0","On Time"
"5196-TWQXF","4/9/2012","5/9/2012","5/14/2012","30.11","5","1-30 days"
"2125-HJDLA","11/13/2013","12/13/2013","1/3/2014","82.68","21","1-30 days"
"0709-LZRJV","11/28/2013","12/28/2013","12/26/2013","32.82","0","On Time"
"6831-FIODB","1/30/2013","3/1/2013","3/6/2013","30.9","5","1-30 days"
"4651-PMEXQ","9/2/2013","10/2/2013","10/1/2013","69.87","0","On Time"
"9883-SDWFS","9/28/2012","10/28/2012","11/1/2012","14.05","4","1-30 days"
"3676-CQAIF","9/27/2012","10/27/2012","11/10/2012","63.21","14","1-30 days"
"6048-QPZCF","3/4/2012","4/3/2012","4/4/2012","62.49","1","1-30 days"
"3831-FXWYK","3/3/2012","4/2/2012","4/20/2012","117.01","18","1-30 days"
"6632-CGYHU","7/4/2013","8/3/2013","7/15/2013","114.44","0","On Time"
"6160-HCSFI","8/22/2012","9/21/2012","9/8/2012","74.86","0","On Time"
"7695-NKUXM","8/30/2012","9/29/2012","9/27/2012","45.52","0","On Time"
"8690-EEBEO","5/16/2012","6/15/2012","7/7/2012","71.26","22","1-30 days"
"2824-HJQPP","3/19/2012","4/18/2012","4/6/2012","50.79","0","On Time"
"5924-UOPGH","1/30/2012","2/29/2012","2/23/2012","72.1","0","On Time"
"2676-DZINU","7/20/2012","8/19/2012","8/13/2012","53.89","0","On Time"
"9117-LYRCE","10/4/2013","11/3/2013","10/28/2013","59.73","0","On Time"
"5613-UHVMG","11/1/2012","12/1/2012","12/9/2012","74.03","8","1-30 days"
"7946-HJDUR","5/29/2013","6/28/2013","6/18/2013","40.08","0","On Time"
"6831-FIODB","12/22/2012","1/21/2013","1/19/2013","63.67","0","On Time"
"3676-CQAIF","5/3/2012","6/2/2012","6/8/2012","56.84","6","1-30 days"
"5529-TBPGK","12/9/2012","1/8/2013","1/12/2013","49.83","4","1-30 days"
"7600-OISKG","1/11/2013","2/10/2013","2/24/2013","75.47","14","1-30 days"
"9250-VHLWY","11/20/2012","12/20/2012","12/8/2012","64.16","0","On Time"
"0688-XNJRO","11/15/2013","12/15/2013","1/5/2014","56.04","21","1-30 days"
"8942-ERSWK","7/22/2013","8/21/2013","7/27/2013","14","0","On Time"
"9725-EZTEJ","9/28/2012","10/28/2012","10/30/2012","55.54","2","1-30 days"
"9771-QTLGZ","8/7/2012","9/6/2012","8/31/2012","51.19","0","On Time"
"9758-AIEIK","1/18/2013","2/17/2013","2/7/2013","85.3","0","On Time"
"6833-ETVHD","8/22/2012","9/21/2012","9/11/2012","44.58","0","On Time"
"5284-DJOZO","7/31/2012","8/30/2012","8/10/2012","50.38","0","On Time"
"0625-TNJFG","2/22/2013","3/24/2013","3/28/2013","57.64","4","1-30 days"
"7329-TWKLF","2/25/2012","3/26/2012","3/22/2012","92.11","0","On Time"
"5196-TWQXF","8/24/2012","9/23/2012","9/23/2012","69.54","0","On Time"
"0187-ERLSR","11/25/2013","12/25/2013","12/12/2013","65.57","0","On Time"
"7856-ODQFO","3/8/2013","4/7/2013","3/31/2013","61.67","0","On Time"
"9841-XLGBV","3/31/2012","4/30/2012","4/24/2012","44.43","0","On Time"
"7654-DOLHO","3/11/2012","4/10/2012","4/16/2012","23.05","6","1-30 days"
"7856-ODQFO","4/16/2013","5/16/2013","5/21/2013","61.14","5","1-30 days"
"2676-DZINU","9/24/2013","10/24/2013","10/11/2013","76.66","0","On Time"
"0625-TNJFG","8/24/2012","9/23/2012","9/13/2012","42.18","0","On Time"
"2687-XWAMA","11/23/2013","12/23/2013","12/15/2013","44.78","0","On Time"
"2423-QOKIO","9/10/2013","10/10/2013","9/25/2013","76.53","0","On Time"
"2687-XWAMA","4/30/2012","5/30/2012","5/14/2012","59.73","0","On Time"
"2820-XGXSB","1/5/2013","2/4/2013","1/8/2013","68.5","0","On Time"
"5284-DJOZO","2/20/2012","3/21/2012","3/20/2012","59.19","0","On Time"
"0625-TNJFG","1/24/2013","2/23/2013","2/16/2013","65.75","0","On Time"
"5875-VZQCZ","3/18/2012","4/17/2012","4/7/2012","63.81","0","On Time"
"3993-QUNVJ","9/17/2013","10/17/2013","9/24/2013","58.09","0","On Time"
"8942-ERSWK","11/29/2013","12/29/2013","12/3/2013","22.35","0","On Time"
"7841-HROAQ","6/10/2013","7/10/2013","7/8/2013","68.95","0","On Time"
"9117-LYRCE","5/16/2012","6/15/2012","7/2/2012","29.99","17","1-30 days"
"9212-BTDMX","10/2/2012","11/1/2012","10/19/2012","57.33","0","On Time"
"4640-FGEJI","12/17/2012","1/16/2013","2/6/2013","99.67","21","1-30 days"
"3831-FXWYK","3/8/2013","4/7/2013","4/13/2013","55.46","6","1-30 days"
"1168-BEASA","8/16/2013","9/15/2013","9/11/2013","52.41","0","On Time"
"9149-MATVB","11/30/2013","12/30/2013","12/20/2013","48.59","0","On Time"
"7245-CKNCN","2/7/2012","3/8/2012","3/6/2012","75.19","0","On Time"
"5164-VMYWJ","1/3/2012","2/2/2012","1/30/2012","71.33","0","On Time"
"7372-CESLR","11/9/2013","12/9/2013","11/30/2013","40.94","0","On Time"
"3831-FXWYK","11/29/2012","12/29/2012","12/26/2012","50.3","0","On Time"
"6296-UKEUZ","6/7/2012","7/7/2012","6/13/2012","15.4","0","On Time"
"9174-IYKOC","3/9/2012","4/8/2012","4/9/2012","84.25","1","1-30 days"
"6048-QPZCF","11/9/2013","12/9/2013","11/28/2013","77.14","0","On Time"
"5920-DPXLN","5/10/2012","6/9/2012","6/10/2012","35.36","1","1-30 days"
"9181-HEKGV","8/29/2012","9/28/2012","10/10/2012","74.47","12","1-30 days"
"3448-OWJOT","11/12/2012","12/12/2012","12/12/2012","84.89","0","On Time"
"6077-FDQRK","12/1/2013","12/31/2013","12/19/2013","44.41","0","On Time"
"5924-UOPGH","1/19/2013","2/18/2013","2/26/2013","88.72","8","1-30 days"
"2447-JCFGW","9/4/2012","10/4/2012","9/30/2012","44.71","0","On Time"
"4460-ZXNDN","11/6/2013","12/6/2013","12/6/2013","56.03","0","On Time"
"1168-BEASA","7/6/2013","8/5/2013","7/24/2013","49.75","0","On Time"
"7245-CKNCN","4/26/2012","5/26/2012","5/14/2012","84.99","0","On Time"
"7695-NKUXM","8/31/2013","9/30/2013","9/20/2013","70.76","0","On Time"
"5196-TWQXF","5/11/2012","6/10/2012","6/12/2012","56.88","2","1-30 days"
"1447-YZKCL","10/8/2012","11/7/2012","11/12/2012","44.77","5","1-30 days"
"5573-KSOIA","6/2/2013","7/2/2013","7/14/2013","91.21","12","1-30 days"
"2125-HJDLA","4/5/2013","5/5/2013","5/5/2013","45.06","0","On Time"
"9771-QTLGZ","8/31/2012","9/30/2012","9/19/2012","52.75","0","On Time"
"0379-NEVHP","10/4/2013","11/3/2013","10/26/2013","64.72","0","On Time"
"2676-DZINU","10/27/2013","11/26/2013","11/8/2013","53.68","0","On Time"
"2621-XCLEH","1/13/2012","2/12/2012","3/14/2012","80.99","31","31-60 days"
"7841-HROAQ","4/25/2012","5/25/2012","5/16/2012","73.9","0","On Time"
"3568-JJMFW","10/11/2012","11/10/2012","11/7/2012","89.28","0","On Time"
"5613-UHVMG","3/29/2012","4/28/2012","5/21/2012","30.03","23","1-30 days"
"8690-EEBEO","8/24/2012","9/23/2012","9/28/2012","46.39","5","1-30 days"
"9758-AIEIK","2/18/2013","3/20/2013","3/3/2013","80.56","0","On Time"
"9841-XLGBV","11/7/2012","12/7/2012","12/2/2012","17.85","0","On Time"
"4651-PMEXQ","4/9/2013","5/9/2013","4/25/2013","81.53","0","On Time"
"8820-BLYDZ","9/21/2013","10/21/2013","9/28/2013","89.37","0","On Time"
"2423-QOKIO","9/23/2012","10/23/2012","10/18/2012","73.15","0","On Time"
"6160-HCSFI","11/7/2012","12/7/2012","11/28/2012","62.31","0","On Time"
"2820-XGXSB","1/4/2013","2/3/2013","1/8/2013","84.86","0","On Time"
"6004-KITZM","11/19/2012","12/19/2012","12/5/2012","54.95","0","On Time"
"6632-CGYHU","8/10/2013","9/9/2013","8/22/2013","60.61","0","On Time"
"7209-MDWKR","4/8/2012","5/8/2012","5/10/2012","74.28","2","1-30 days"
"0625-TNJFG","8/24/2012","9/23/2012","9/17/2012","46.2","0","On Time"
"5196-TWQXF","7/24/2013","8/23/2013","8/15/2013","48.04","0","On Time"
"4640-FGEJI","2/6/2012","3/7/2012","3/17/2012","54.6","10","1-30 days"
"9725-EZTEJ","6/11/2013","7/11/2013","7/13/2013","81.21","2","1-30 days"
"4632-QZOKX","5/6/2013","6/5/2013","6/11/2013","49.83","6","1-30 days"
"9883-SDWFS","7/21/2013","8/20/2013","8/27/2013","56.88","7","1-30 days"
"3448-OWJOT","6/10/2012","7/10/2012","7/16/2012","94.77","6","1-30 days"
"8690-EEBEO","9/9/2012","10/9/2012","10/23/2012","102.79","14","1-30 days"
"9286-VLKMI","2/28/2013","3/30/2013","3/3/2013","36.13","0","On Time"
"9460-VAZGD","12/22/2012","1/21/2013","1/9/2013","50.82","0","On Time"
"8976-AMJEO","9/14/2013","10/14/2013","10/5/2013","66.75","0","On Time"
"7758-WKLVM","7/4/2013","8/3/2013","8/2/2013","55.12","0","On Time"
"2447-JCFGW","8/23/2013","9/22/2013","9/17/2013","47.63","0","On Time"
"6004-KITZM","3/21/2013","4/20/2013","4/9/2013","54.33","0","On Time"
"0379-NEVHP","11/6/2013","12/6/2013","11/17/2013","59.56","0","On Time"
"8389-TCXFQ","9/11/2012","10/11/2012","10/9/2012","46.35","0","On Time"
"5164-VMYWJ","3/23/2013","4/22/2013","4/11/2013","59.54","0","On Time"
"9883-SDWFS","11/4/2013","12/4/2013","11/27/2013","40.88","0","On Time"
"3569-VJWXS","5/24/2013","6/23/2013","6/6/2013","61.84","0","On Time"
"3448-OWJOT","4/23/2012","5/23/2012","6/21/2012","56.31","29","1-30 days"
"3993-QUNVJ","7/8/2012","8/7/2012","8/1/2012","47.48","0","On Time"
"3598-DNURW","2/1/2012","3/2/2012","2/19/2012","84.13","0","On Time"
"8887-NCUZC","6/1/2012","7/1/2012","7/1/2012","34.27","0","On Time"
"8690-EEBEO","3/22/2012","4/21/2012","4/26/2012","64.1","5","1-30 days"
"3993-QUNVJ","3/20/2013","4/19/2013","4/15/2013","63.32","0","On Time"
"7695-NKUXM","8/17/2012","9/16/2012","9/14/2012","55.22","0","On Time"
"2820-XGXSB","2/11/2012","3/12/2012","2/14/2012","64.87","0","On Time"
"9286-VLKMI","10/18/2012","11/17/2012","10/28/2012","53.68","0","On Time"
"0187-ERLSR","5/25/2013","6/24/2013","6/2/2013","53.59","0","On Time"
"8820-BLYDZ","2/3/2013","3/5/2013","2/13/2013","60.75","0","On Time"
"7050-KQLDO","9/14/2013","10/14/2013","10/1/2013","55.88","0","On Time"
"1447-YZKCL","1/16/2013","2/15/2013","2/6/2013","70.75","0","On Time"
"5592-UQXSS","11/14/2012","12/14/2012","12/12/2012","60.03","0","On Time"
"5613-UHVMG","2/4/2012","3/5/2012","3/7/2012","75.04","2","1-30 days"
"9323-NDIOV","9/21/2013","10/21/2013","10/21/2013","61.47","0","On Time"
"6048-QPZCF","3/4/2013","4/3/2013","3/26/2013","98.68","0","On Time"
"0465-DTULQ","10/20/2013","11/19/2013","11/10/2013","46.07","0","On Time"
"5613-UHVMG","10/19/2012","11/18/2012","11/15/2012","74.37","0","On Time"
"3831-FXWYK","4/28/2013","5/28/2013","5/23/2013","67.23","0","On Time"
"4460-ZXNDN","5/29/2013","6/28/2013","7/25/2013","101.06","27","1-30 days"
"5924-UOPGH","8/28/2013","9/27/2013","9/25/2013","71.19","0","On Time"
"7758-WKLVM","6/6/2013","7/6/2013","7/25/2013","63.74","19","1-30 days"
"0688-XNJRO","2/11/2012","3/12/2012","3/15/2012","27.22","3","1-30 days"
"2447-JCFGW","9/19/2012","10/19/2012","10/10/2012","33.62","0","On Time"
"7654-DOLHO","3/16/2012","4/15/2012","4/15/2012","33.75","0","On Time"
"8156-PCYBM","7/5/2012","8/4/2012","7/30/2012","55.53","0","On Time"
"7758-WKLVM","11/5/2012","12/5/2012","12/30/2012","41.61","25","1-30 days"
"2447-JCFGW","2/22/2013","3/24/2013","3/22/2013","49.56","0","On Time"
"2824-HJQPP","5/21/2012","6/20/2012","6/20/2012","60.2","0","On Time"
"7654-DOLHO","9/19/2013","10/19/2013","10/24/2013","50.16","5","1-30 days"
"7841-HROAQ","12/13/2012","1/12/2013","1/4/2013","73","0","On Time"
"2125-HJDLA","10/23/2013","11/22/2013","12/6/2013","62.04","14","1-30 days"
"7600-OISKG","6/20/2012","7/20/2012","7/15/2012","45.48","0","On Time"
"8887-NCUZC","7/5/2013","8/4/2013","8/1/2013","13.15","0","On Time"
"8389-TCXFQ","5/7/2012","6/6/2012","6/19/2012","30.53","13","1-30 days"
"9771-QTLGZ","11/16/2013","12/16/2013","11/29/2013","55.94","0","On Time"
"9725-EZTEJ","3/17/2013","4/16/2013","3/30/2013","96.22","0","On Time"
"9323-NDIOV","4/25/2013","5/25/2013","5/19/2013","43.62","0","On Time"
"1408-OQZUE","1/16/2013","2/15/2013","2/5/2013","61.39","0","On Time"
"9323-NDIOV","10/8/2013","11/7/2013","11/2/2013","69.18","0","On Time"
"9322-YCTQO","10/5/2012","11/4/2012","11/8/2012","97.91","4","1-30 days"
"5529-TBPGK","9/9/2012","10/9/2012","10/10/2012","75.34","1","1-30 days"
"5920-DPXLN","7/20/2012","8/19/2012","8/17/2012","63.57","0","On Time"
"9286-VLKMI","9/25/2013","10/25/2013","9/30/2013","39.45","0","On Time"
"5592-UQXSS","2/2/2012","3/3/2012","3/10/2012","44.92","7","1-30 days"
"0688-XNJRO","12/14/2012","1/13/2013","1/14/2013","40.86","1","1-30 days"
"0783-PEPYR","1/8/2012","2/7/2012","2/20/2012","63.92","13","1-30 days"
"5924-UOPGH","1/11/2013","2/10/2013","1/31/2013","92.82","0","On Time"
"8887-NCUZC","6/1/2012","7/1/2012","7/6/2012","34.41","5","1-30 days"
"5924-UOPGH","4/21/2012","5/21/2012","5/9/2012","96.82","0","On Time"
"9841-XLGBV","6/10/2012","7/10/2012","7/8/2012","47.52","0","On Time"
"1168-BEASA","4/21/2013","5/21/2013","5/13/2013","51.65","0","On Time"
"8887-NCUZC","9/26/2013","10/26/2013","11/4/2013","31.45","9","1-30 days"
"2621-XCLEH","3/1/2013","3/31/2013","4/25/2013","58.96","25","1-30 days"
"7372-CESLR","2/16/2012","3/17/2012","3/17/2012","47.45","0","On Time"
"9014-WENVB","10/16/2012","11/15/2012","11/14/2012","58.76","0","On Time"
"7228-LEPPM","7/10/2013","8/9/2013","8/19/2013","46.4","10","1-30 days"
"7938-EVASK","5/30/2012","6/29/2012","7/6/2012","68.22","7","1-30 days"
"5592-UQXSS","4/9/2012","5/9/2012","5/7/2012","64.41","0","On Time"
"9725-EZTEJ","2/2/2012","3/3/2012","2/28/2012","73.82","0","On Time"
"5920-DPXLN","9/29/2013","10/29/2013","10/12/2013","43.81","0","On Time"
"1168-BEASA","4/8/2012","5/8/2012","4/25/2012","45.14","0","On Time"
"9286-VLKMI","12/14/2012","1/13/2013","12/25/2012","36.71","0","On Time"
"5196-TWQXF","9/28/2012","10/28/2012","10/17/2012","51.1","0","On Time"
"4460-ZXNDN","11/7/2013","12/7/2013","11/30/2013","52.84","0","On Time"
"5920-DPXLN","1/17/2013","2/16/2013","2/2/2013","47.55","0","On Time"
"5148-SYKLB","2/12/2012","3/13/2012","3/4/2012","69.43","0","On Time"
"6627-ELFBK","11/22/2013","12/22/2013","12/27/2013","44.89","5","1-30 days"
"7654-DOLHO","4/20/2012","5/20/2012","5/12/2012","33.01","0","On Time"
"3993-QUNVJ","4/18/2013","5/18/2013","4/26/2013","58.44","0","On Time"
"4640-FGEJI","5/31/2012","6/30/2012","6/27/2012","65.13","0","On Time"
"8820-BLYDZ","1/16/2012","2/15/2012","1/23/2012","78.37","0","On Time"
"3448-OWJOT","6/25/2013","7/25/2013","7/30/2013","53.34","5","1-30 days"
"2026-XLBER","6/12/2013","7/12/2013","6/28/2013","44.05","0","On Time"
"2026-XLBER","11/24/2012","12/24/2012","12/3/2012","65.07","0","On Time"
"2820-XGXSB","12/26/2012","1/25/2013","1/8/2013","72.14","0","On Time"
"7050-KQLDO","1/22/2013","2/21/2013","2/3/2013","43.12","0","On Time"
"8102-ABPKQ","1/25/2012","2/24/2012","3/12/2012","66.92","17","1-30 days"
"2824-HJQPP","11/3/2013","12/3/2013","11/16/2013","64.67","0","On Time"
"0625-TNJFG","3/20/2012","4/19/2012","4/11/2012","27.08","0","On Time"
"2676-DZINU","2/16/2012","3/17/2012","3/7/2012","72.79","0","On Time"
"9149-MATVB","7/6/2012","8/5/2012","8/5/2012","52.74","0","On Time"
"8389-TCXFQ","8/1/2012","8/31/2012","9/4/2012","71.83","4","1-30 days"
"2447-JCFGW","11/4/2012","12/4/2012","11/23/2012","37.49","0","On Time"
"9286-VLKMI","3/21/2012","4/20/2012","4/6/2012","88.13","0","On Time"
"2824-HJQPP","6/27/2013","7/27/2013","7/20/2013","55.34","0","On Time"
"9883-SDWFS","11/15/2012","12/15/2012","12/8/2012","10.36","0","On Time"
"5284-DJOZO","7/21/2012","8/20/2012","7/29/2012","79.58","0","On Time"
"2026-XLBER","8/26/2013","9/25/2013","9/21/2013","59.78","0","On Time"
"2447-JCFGW","6/26/2012","7/26/2012","7/23/2012","68.12","0","On Time"
"5920-DPXLN","2/23/2013","3/25/2013","3/12/2013","58.98","0","On Time"
"7600-OISKG","4/11/2013","5/11/2013","5/19/2013","59.08","8","1-30 days"
"7329-TWKLF","8/28/2013","9/27/2013","9/22/2013","81.28","0","On Time"
"9286-VLKMI","9/27/2012","10/27/2012","10/4/2012","14.22","0","On Time"
"4460-ZXNDN","3/21/2013","4/20/2013","5/20/2013","84.43","30","1-30 days"
"2824-HJQPP","10/22/2013","11/21/2013","11/10/2013","66.72","0","On Time"
"4092-ZAVRG","6/5/2012","7/5/2012","6/6/2012","71.6","0","On Time"
"7695-NKUXM","2/14/2012","3/15/2012","2/21/2012","30.05","0","On Time"
"9883-SDWFS","4/23/2013","5/23/2013","5/26/2013","32.75","3","1-30 days"
"2824-HJQPP","1/2/2013","2/1/2013","1/24/2013","50.66","0","On Time"
"0706-NRGUP","8/3/2012","9/2/2012","9/3/2012","23.38","1","1-30 days"
"9117-LYRCE","5/21/2012","6/20/2012","7/11/2012","63.33","21","1-30 days"
"5920-DPXLN","3/3/2012","4/2/2012","3/29/2012","61.17","0","On Time"
"5613-UHVMG","2/14/2012","3/15/2012","3/27/2012","46.66","12","1-30 days"
"4632-QZOKX","2/14/2012","3/15/2012","3/20/2012","83.42","5","1-30 days"
"7329-TWKLF","5/2/2012","6/1/2012","5/24/2012","120.76","0","On Time"
"7260-ZHAKS","8/21/2013","9/20/2013","9/11/2013","68.16","0","On Time"
"9841-XLGBV","5/20/2012","6/19/2012","6/17/2012","53.81","0","On Time"
"0625-TNJFG","7/7/2013","8/6/2013","8/1/2013","68.03","0","On Time"
"7856-ODQFO","9/8/2013","10/8/2013","10/2/2013","38","0","On Time"
"9928-IJYBQ","9/3/2013","10/3/2013","10/4/2013","69.29","1","1-30 days"
"3271-HYHDN","4/6/2013","5/6/2013","4/11/2013","42.25","0","On Time"
"8389-TCXFQ","5/18/2013","6/17/2013","6/3/2013","51.53","0","On Time"
"5924-UOPGH","5/31/2012","6/30/2012","6/9/2012","84.26","0","On Time"
"9181-HEKGV","6/1/2013","7/1/2013","7/13/2013","81.53","12","1-30 days"
"7938-EVASK","8/13/2013","9/12/2013","9/11/2013","63.32","0","On Time"
"8102-ABPKQ","2/12/2013","3/14/2013","4/6/2013","60.3","23","1-30 days"
"8942-ERSWK","8/18/2012","9/17/2012","8/25/2012","15.18","0","On Time"
"5196-TWQXF","12/2/2012","1/1/2013","12/24/2012","50.17","0","On Time"
"7654-DOLHO","1/25/2013","2/24/2013","2/19/2013","7.08","0","On Time"
"2824-HJQPP","9/2/2013","10/2/2013","10/3/2013","66.59","1","1-30 days"
"7329-TWKLF","1/9/2012","2/8/2012","1/27/2012","56.86","0","On Time"
"0709-LZRJV","7/23/2013","8/22/2013","8/10/2013","61.89","0","On Time"
"9758-AIEIK","12/19/2012","1/18/2013","1/23/2013","65.49","5","1-30 days"
"7654-DOLHO","7/3/2013","8/2/2013","8/1/2013","17.12","0","On Time"
"6831-FIODB","11/23/2013","12/23/2013","12/12/2013","47.47","0","On Time"
"3569-VJWXS","3/3/2012","4/2/2012","3/28/2012","36.26","0","On Time"
"7938-EVASK","11/17/2012","12/17/2012","1/4/2013","62.17","18","1-30 days"
"1408-OQZUE","11/25/2013","12/25/2013","1/2/2014","41.08","8","1-30 days"
"2676-DZINU","9/9/2013","10/9/2013","9/19/2013","48.52","0","On Time"
"4651-PMEXQ","4/26/2012","5/26/2012","5/24/2012","96.76","0","On Time"
"6077-FDQRK","3/7/2013","4/6/2013","4/1/2013","56.6","0","On Time"
"7856-ODQFO","1/13/2013","2/12/2013","2/9/2013","56.6","0","On Time"
"0688-XNJRO","11/16/2012","12/16/2012","1/3/2013","39.39","18","1-30 days"
"9149-MATVB","8/21/2013","9/20/2013","9/8/2013","81.85","0","On Time"
"6077-FDQRK","9/25/2013","10/25/2013","10/12/2013","52.45","0","On Time"
"1447-YZKCL","2/8/2012","3/9/2012","3/18/2012","48.47","9","1-30 days"
"6391-GBFQJ","9/9/2013","10/9/2013","9/22/2013","7.96","0","On Time"
"8156-PCYBM","2/14/2012","3/15/2012","3/28/2012","76.47","13","1-30 days"
"8820-BLYDZ","4/1/2012","5/1/2012","4/16/2012","100.7","0","On Time"
"6004-KITZM","3/10/2012","4/9/2012","4/1/2012","75.99","0","On Time"
"9460-VAZGD","3/28/2013","4/27/2013","4/19/2013","55.57","0","On Time"
"8976-AMJEO","12/29/2012","1/28/2013","1/18/2013","83.93","0","On Time"
"5920-DPXLN","2/27/2012","3/28/2012","3/19/2012","48.75","0","On Time"
"5592-UQXSS","3/26/2013","4/25/2013","4/21/2013","48.98","0","On Time"
"7946-HJDUR","10/21/2013","11/20/2013","11/6/2013","55.21","0","On Time"
"0625-TNJFG","11/21/2013","12/21/2013","12/12/2013","92.48","0","On Time"
"3569-VJWXS","6/10/2012","7/10/2012","7/12/2012","43.89","2","1-30 days"
"3568-JJMFW","8/28/2012","9/27/2012","9/12/2012","79.43","0","On Time"
"0187-ERLSR","6/16/2012","7/16/2012","7/4/2012","64.47","0","On Time"
"9181-HEKGV","4/21/2012","5/21/2012","6/12/2012","88.36","22","1-30 days"
"9883-SDWFS","4/10/2012","5/10/2012","5/20/2012","20.99","10","1-30 days"
"2820-XGXSB","3/17/2012","4/16/2012","3/23/2012","80.15","0","On Time"
"5592-UQXSS","10/15/2012","11/14/2012","11/8/2012","46.64","0","On Time"
"1447-YZKCL","8/18/2013","9/17/2013","9/21/2013","62.93","4","1-30 days"
"9014-WENVB","2/3/2012","3/4/2012","3/5/2012","68.48","1","1-30 days"
"2676-DZINU","10/16/2012","11/15/2012","10/30/2012","69.58","0","On Time"
"7938-EVASK","7/21/2013","8/20/2013","9/2/2013","78.68","13","1-30 days"
"8942-ERSWK","7/26/2012","8/25/2012","8/6/2012","13.36","0","On Time"
"7260-ZHAKS","4/13/2012","5/13/2012","5/12/2012","67.29","0","On Time"
"2447-JCFGW","8/4/2012","9/3/2012","9/6/2012","86.83","3","1-30 days"
"8389-TCXFQ","2/9/2013","3/11/2013","3/28/2013","62.41","17","1-30 days"
"7209-MDWKR","5/5/2013","6/4/2013","6/10/2013","74.7","6","1-30 days"
"0379-NEVHP","8/16/2013","9/15/2013","8/31/2013","70.9","0","On Time"
"3831-FXWYK","9/18/2013","10/18/2013","10/29/2013","58.65","11","1-30 days"
"8942-ERSWK","2/9/2013","3/11/2013","2/17/2013","40.52","0","On Time"
"2687-XWAMA","1/28/2012","2/27/2012","2/8/2012","60.17","0","On Time"
"9014-WENVB","1/31/2012","3/1/2012","2/28/2012","69.55","0","On Time"
"8887-NCUZC","7/17/2013","8/16/2013","8/28/2013","36.21","12","1-30 days"
"8820-BLYDZ","7/12/2013","8/11/2013","7/14/2013","71.96","0","On Time"
"0465-DTULQ","4/10/2012","5/10/2012","5/3/2012","60.35","0","On Time"
"2026-XLBER","9/24/2013","10/24/2013","10/6/2013","43.71","0","On Time"
"9841-XLGBV","6/12/2013","7/12/2013","6/30/2013","53.53","0","On Time"
"8976-AMJEO","6/22/2013","7/22/2013","7/22/2013","62.94","0","On Time"
"7856-ODQFO","4/5/2012","5/5/2012","4/23/2012","23.53","0","On Time"
"7228-LEPPM","7/17/2013","8/16/2013","8/30/2013","56.73","14","1-30 days"
"7228-LEPPM","6/19/2012","7/19/2012","7/29/2012","60.46","10","1-30 days"
"8942-ERSWK","11/27/2012","12/27/2012","12/11/2012","35.49","0","On Time"
"4460-ZXNDN","10/1/2012","10/31/2012","11/21/2012","58.19","21","1-30 days"
"9286-VLKMI","10/5/2013","11/4/2013","10/8/2013","91.42","0","On Time"
"4640-FGEJI","3/24/2013","4/23/2013","5/10/2013","97.33","17","1-30 days"
"3568-JJMFW","6/14/2012","7/14/2012","7/2/2012","50.63","0","On Time"
"4460-ZXNDN","9/28/2012","10/28/2012","11/2/2012","90.57","5","1-30 days"
"8156-PCYBM","10/21/2012","11/20/2012","11/22/2012","70.12","2","1-30 days"
"8389-TCXFQ","2/1/2013","3/3/2013","2/22/2013","55","0","On Time"
"8389-TCXFQ","5/27/2013","6/26/2013","6/10/2013","50.89","0","On Time"
"8942-ERSWK","7/14/2012","8/13/2012","7/26/2012","16.31","0","On Time"
"0688-XNJRO","6/2/2013","7/2/2013","7/9/2013","41.56","7","1-30 days"
"5613-UHVMG","1/24/2013","2/23/2013","3/16/2013","61.02","21","1-30 days"
"8156-PCYBM","9/7/2012","10/7/2012","10/8/2012","50.88","1","1-30 days"
"3271-HYHDN","2/7/2012","3/8/2012","2/10/2012","72.49","0","On Time"
"8690-EEBEO","3/26/2013","4/25/2013","5/22/2013","57.97","27","1-30 days"
"9928-IJYBQ","12/15/2012","1/14/2013","1/19/2013","60.47","5","1-30 days"
"3831-FXWYK","7/13/2013","8/12/2013","8/12/2013","46.56","0","On Time"
"8887-NCUZC","7/5/2012","8/4/2012","8/6/2012","7.74","2","1-30 days"
"2824-HJQPP","2/12/2013","3/14/2013","3/12/2013","65.7","0","On Time"
"8156-PCYBM","3/27/2013","4/26/2013","4/28/2013","74.57","2","1-30 days"
"6004-KITZM","11/25/2012","12/25/2012","12/10/2012","79.42","0","On Time"
"1168-BEASA","11/29/2012","12/29/2012","12/27/2012","63.76","0","On Time"
"6160-HCSFI","5/16/2013","6/15/2013","5/30/2013","85.72","0","On Time"
"2824-HJQPP","3/10/2012","4/9/2012","4/17/2012","66.88","8","1-30 days"
"9323-NDIOV","7/29/2012","8/28/2012","8/27/2012","68.14","0","On Time"
"2676-DZINU","10/21/2012","11/20/2012","11/6/2012","76.7","0","On Time"
"1408-OQZUE","4/11/2012","5/11/2012","5/7/2012","54.75","0","On Time"
"1168-BEASA","11/9/2013","12/9/2013","11/23/2013","85.32","0","On Time"
"8364-UWVLM","11/27/2012","12/27/2012","12/21/2012","50.7","0","On Time"
"3993-QUNVJ","1/31/2013","3/2/2013","2/8/2013","68.79","0","On Time"
"5875-VZQCZ","9/20/2012","10/20/2012","10/17/2012","63.66","0","On Time"
"6048-QPZCF","3/10/2012","4/9/2012","4/8/2012","75.33","0","On Time"
"0688-XNJRO","9/1/2013","10/1/2013","10/21/2013","33.99","20","1-30 days"
"7938-EVASK","9/21/2012","10/21/2012","10/25/2012","72.75","4","1-30 days"
"9322-YCTQO","5/9/2013","6/8/2013","6/14/2013","86.91","6","1-30 days"
"5573-KSOIA","7/22/2013","8/21/2013","8/28/2013","70.77","7","1-30 days"
"5592-UQXSS","4/22/2012","5/22/2012","5/26/2012","42.08","4","1-30 days"
"6077-FDQRK","5/23/2013","6/22/2013","6/3/2013","34.5","0","On Time"
"6077-FDQRK","12/25/2012","1/24/2013","1/13/2013","55.87","0","On Time"
"5529-TBPGK","9/20/2013","10/20/2013","10/24/2013","91.03","4","1-30 days"
"9014-WENVB","9/12/2012","10/12/2012","10/8/2012","53.64","0","On Time"
"5164-VMYWJ","7/23/2013","8/22/2013","8/13/2013","81.15","0","On Time"
"5875-VZQCZ","5/30/2013","6/29/2013","6/19/2013","73.96","0","On Time"
"5164-VMYWJ","3/28/2013","4/27/2013","5/6/2013","83.73","9","1-30 days"
"1604-LIFKX","10/24/2013","11/23/2013","12/6/2013","83.65","13","1-30 days"
"8887-NCUZC","3/22/2013","4/21/2013","4/25/2013","24.19","4","1-30 days"
"0783-PEPYR","12/31/2012","1/30/2013","2/3/2013","66.56","4","1-30 days"
"9883-SDWFS","4/25/2013","5/25/2013","6/10/2013","21.58","16","1-30 days"
"6077-FDQRK","3/30/2012","4/29/2012","4/16/2012","26.9","0","On Time"
"2676-DZINU","6/10/2012","7/10/2012","7/1/2012","63.73","0","On Time"
"3448-OWJOT","6/23/2012","7/23/2012","7/18/2012","82.8","0","On Time"
"0706-NRGUP","9/28/2012","10/28/2012","10/24/2012","21","0","On Time"
"6831-FIODB","9/21/2012","10/21/2012","11/3/2012","33.25","13","1-30 days"
"3993-QUNVJ","5/2/2012","6/1/2012","5/23/2012","63.42","0","On Time"
"2676-DZINU","2/5/2013","3/7/2013","2/23/2013","41.3","0","On Time"
"1604-LIFKX","11/5/2012","12/5/2012","12/15/2012","68.61","10","1-30 days"
"5573-KSOIA","4/17/2012","5/17/2012","5/20/2012","69.54","3","1-30 days"
"4632-QZOKX","8/2/2012","9/1/2012","9/14/2012","58.06","13","1-30 days"
"8364-UWVLM","12/5/2012","1/4/2013","12/25/2012","101.44","0","On Time"
"7856-ODQFO","9/12/2012","10/12/2012","9/30/2012","43.79","0","On Time"
"0625-TNJFG","5/10/2013","6/9/2013","6/8/2013","36.86","0","On Time"
"9174-IYKOC","9/29/2012","10/29/2012","10/27/2012","80.71","0","On Time"
"5573-KSOIA","6/17/2013","7/17/2013","7/24/2013","72.22","7","1-30 days"
"2621-XCLEH","11/18/2012","12/18/2012","2/1/2013","86.39","45","31-60 days"
"6833-ETVHD","6/2/2013","7/2/2013","6/29/2013","86.87","0","On Time"
"0783-PEPYR","3/10/2012","4/9/2012","4/12/2012","75.62","3","1-30 days"
"9928-IJYBQ","8/24/2013","9/23/2013","9/18/2013","53.29","0","On Time"
"3569-VJWXS","4/17/2012","5/17/2012","5/29/2012","59.92","12","1-30 days"
"0465-DTULQ","10/3/2012","11/2/2012","11/7/2012","49.85","5","1-30 days"
"9460-VAZGD","12/27/2012","1/26/2013","1/7/2013","15","0","On Time"
"6708-DPYTF","9/8/2013","10/8/2013","10/10/2013","64.19","2","1-30 days"
"1447-YZKCL","2/13/2013","3/15/2013","3/13/2013","67.87","0","On Time"
"6391-GBFQJ","10/1/2013","10/31/2013","11/2/2013","25.72","2","1-30 days"
"2447-JCFGW","4/21/2012","5/21/2012","5/16/2012","60.41","0","On Time"
"8820-BLYDZ","2/2/2013","3/4/2013","2/11/2013","77.35","0","On Time"
"9286-VLKMI","3/6/2013","4/5/2013","3/6/2013","47.39","0","On Time"
"4651-PMEXQ","1/28/2013","2/27/2013","2/22/2013","65.56","0","On Time"
"5196-TWQXF","5/23/2012","6/22/2012","6/28/2012","50.44","6","1-30 days"
"2026-XLBER","10/19/2012","11/18/2012","11/5/2012","62.31","0","On Time"
"6831-FIODB","2/18/2013","3/20/2013","3/19/2013","41.11","0","On Time"
"7372-CESLR","1/1/2013","1/31/2013","1/31/2013","37.25","0","On Time"
"2447-JCFGW","11/18/2013","12/18/2013","12/4/2013","54.3","0","On Time"
"8976-AMJEO","8/18/2013","9/17/2013","9/9/2013","78.79","0","On Time"
"7260-ZHAKS","7/24/2013","8/23/2013","8/14/2013","65.2","0","On Time"
"0709-LZRJV","3/14/2013","4/13/2013","4/8/2013","68.16","0","On Time"
"9174-IYKOC","11/14/2013","12/14/2013","12/6/2013","57.61","0","On Time"
"9323-NDIOV","9/10/2012","10/10/2012","9/27/2012","40.83","0","On Time"
"5164-VMYWJ","7/11/2012","8/10/2012","8/10/2012","72.52","0","On Time"
"7654-DOLHO","10/5/2012","11/4/2012","11/2/2012","43.97","0","On Time"
"9014-WENVB","12/19/2012","1/18/2013","1/6/2013","66.08","0","On Time"
"9286-VLKMI","6/10/2013","7/10/2013","6/10/2013","51.55","0","On Time"
"7856-ODQFO","12/22/2012","1/21/2013","1/16/2013","52.92","0","On Time"
"2447-JCFGW","3/21/2012","4/20/2012","4/20/2012","69.51","0","On Time"
"2423-QOKIO","4/6/2013","5/6/2013","5/8/2013","47.77","2","1-30 days"
"6160-HCSFI","2/12/2013","3/14/2013","2/26/2013","75.78","0","On Time"
"9250-VHLWY","5/23/2013","6/22/2013","6/22/2013","44.12","0","On Time"
"9323-NDIOV","4/16/2013","5/16/2013","5/12/2013","59.66","0","On Time"
"7372-CESLR","6/28/2013","7/28/2013","7/17/2013","38.13","0","On Time"
"8976-AMJEO","4/15/2012","5/15/2012","5/8/2012","59.74","0","On Time"
"0783-PEPYR","3/17/2012","4/16/2012","4/20/2012","64.33","4","1-30 days"
"8156-PCYBM","11/23/2012","12/23/2012","12/16/2012","68","0","On Time"
"6708-DPYTF","5/23/2012","6/22/2012","7/5/2012","79.59","13","1-30 days"
"3448-OWJOT","1/1/2013","1/31/2013","2/4/2013","71.35","4","1-30 days"
"9883-SDWFS","11/8/2012","12/8/2012","1/1/2013","11.44","24","1-30 days"
"3271-YDPUJ","4/6/2013","5/6/2013","4/28/2013","27.95","0","On Time"
"5284-DJOZO","4/9/2012","5/9/2012","4/23/2012","69.8","0","On Time"
"3569-VJWXS","8/1/2013","8/31/2013","8/26/2013","64.19","0","On Time"
"3831-FXWYK","12/27/2012","1/26/2013","2/1/2013","71.85","6","1-30 days"
"2820-XGXSB","2/13/2012","3/14/2012","2/17/2012","70.45","0","On Time"
"1168-BEASA","9/5/2012","10/5/2012","10/3/2012","61.46","0","On Time"
"9149-MATVB","9/21/2013","10/21/2013","10/14/2013","42.17","0","On Time"
"9181-HEKGV","6/14/2012","7/14/2012","8/7/2012","78.67","24","1-30 days"
"3831-FXWYK","2/10/2012","3/11/2012","3/22/2012","64.54","11","1-30 days"
"5148-SYKLB","9/21/2012","10/21/2012","11/7/2012","73.69","17","1-30 days"
"8690-EEBEO","8/19/2013","9/18/2013","9/25/2013","36.26","7","1-30 days"
"0465-DTULQ","1/9/2012","2/8/2012","2/13/2012","40.22","5","1-30 days"
"2125-HJDLA","4/24/2013","5/24/2013","5/28/2013","39.25","4","1-30 days"
"0709-LZRJV","10/15/2013","11/14/2013","11/6/2013","61.29","0","On Time"
"8690-EEBEO","4/9/2013","5/9/2013","5/16/2013","84.6","7","1-30 days"
"1447-YZKCL","7/24/2012","8/23/2012","9/1/2012","79.39","9","1-30 days"
"7209-MDWKR","5/22/2013","6/21/2013","7/2/2013","49.37","11","1-30 days"
"5920-DPXLN","11/18/2012","12/18/2012","12/10/2012","56.02","0","On Time"
"5284-DJOZO","7/30/2012","8/29/2012","8/15/2012","67.8","0","On Time"
"3569-VJWXS","2/17/2012","3/18/2012","3/11/2012","51.07","0","On Time"
"6048-QPZCF","1/21/2012","2/20/2012","1/31/2012","72.06","0","On Time"
"5148-SYKLB","1/16/2012","2/15/2012","2/1/2012","74.01","0","On Time"
"4651-PMEXQ","2/14/2012","3/15/2012","3/13/2012","83.09","0","On Time"
"8887-NCUZC","3/29/2012","4/28/2012","4/27/2012","10.47","0","On Time"
"8389-TCXFQ","6/5/2012","7/5/2012","7/12/2012","38.73","7","1-30 days"
"9771-QTLGZ","2/9/2013","3/11/2013","2/25/2013","61.07","0","On Time"
"7228-LEPPM","3/13/2012","4/12/2012","4/21/2012","46.22","9","1-30 days"
"3676-CQAIF","6/19/2012","7/19/2012","7/21/2012","39.74","2","1-30 days"
"9322-YCTQO","2/1/2012","3/2/2012","3/15/2012","87.13","13","1-30 days"
"4092-ZAVRG","11/25/2012","12/25/2012","11/30/2012","87.71","0","On Time"
"2687-XWAMA","3/17/2013","4/16/2013","3/29/2013","37.66","0","On Time"
"0709-LZRJV","12/1/2012","12/31/2012","1/16/2013","38.41","16","1-30 days"
"9286-VLKMI","8/31/2012","9/30/2012","9/11/2012","57.8","0","On Time"
"8102-ABPKQ","6/27/2013","7/27/2013","8/22/2013","48.45","26","1-30 days"
"5613-UHVMG","7/10/2013","8/9/2013","8/8/2013","65.6","0","On Time"
"7946-HJDUR","2/7/2013","3/9/2013","3/14/2013","38.86","5","1-30 days"
"3271-YDPUJ","10/17/2012","11/16/2012","11/28/2012","63.96","12","1-30 days"
"7260-ZHAKS","12/8/2012","1/7/2013","12/30/2012","66.27","0","On Time"
"9928-IJYBQ","7/18/2012","8/17/2012","9/9/2012","67.79","23","1-30 days"
"4640-FGEJI","12/4/2012","1/3/2013","1/12/2013","78.12","9","1-30 days"
"9181-HEKGV","1/29/2012","2/28/2012","3/19/2012","59.08","20","1-30 days"
"9725-EZTEJ","5/15/2012","6/14/2012","6/17/2012","76.27","3","1-30 days"
"7856-ODQFO","10/7/2012","11/6/2012","10/23/2012","44.83","0","On Time"
"9212-BTDMX","7/4/2013","8/3/2013","7/17/2013","38.96","0","On Time"
"7228-LEPPM","8/1/2013","8/31/2013","9/16/2013","55.8","16","1-30 days"
"3568-JJMFW","11/15/2013","12/15/2013","11/20/2013","82.29","0","On Time"
"7758-WKLVM","7/30/2013","8/29/2013","9/24/2013","65.59","26","1-30 days"
"9286-VLKMI","10/22/2013","11/21/2013","10/24/2013","41.64","0","On Time"
"8820-BLYDZ","7/6/2012","8/5/2012","7/17/2012","54.33","0","On Time"
"5592-UQXSS","6/13/2012","7/13/2012","7/17/2012","43.52","4","1-30 days"
"7654-DOLHO","9/29/2012","10/29/2012","10/23/2012","46.41","0","On Time"
"7228-LEPPM","10/22/2012","11/21/2012","12/2/2012","34.49","11","1-30 days"
"3598-DNURW","3/6/2012","4/5/2012","3/28/2012","67.83","0","On Time"
"7654-DOLHO","7/21/2012","8/20/2012","8/20/2012","17.37","0","On Time"
"9149-MATVB","1/18/2013","2/17/2013","2/8/2013","72.95","0","On Time"
"7938-EVASK","5/29/2013","6/28/2013","7/2/2013","56.85","4","1-30 days"
"6708-DPYTF","10/3/2013","11/2/2013","11/17/2013","99.22","15","1-30 days"
"3598-DNURW","8/14/2012","9/13/2012","9/10/2012","50.66","0","On Time"
"9460-VAZGD","1/14/2012","2/13/2012","2/3/2012","65.9","0","On Time"
"1168-BEASA","2/29/2012","3/30/2012","3/21/2012","24.63","0","On Time"
"8887-NCUZC","12/1/2012","12/31/2012","1/9/2013","30.8","9","1-30 days"
"0709-LZRJV","4/23/2013","5/23/2013","5/21/2013","19.53","0","On Time"
"7841-HROAQ","6/6/2013","7/6/2013","7/11/2013","47.99","5","1-30 days"
"2824-HJQPP","9/4/2012","10/4/2012","9/28/2012","44.51","0","On Time"
"2676-DZINU","2/14/2013","3/16/2013","2/23/2013","60.72","0","On Time"
"1604-LIFKX","7/2/2012","8/1/2012","8/6/2012","87.16","5","1-30 days"
"0379-NEVHP","4/3/2013","5/3/2013","4/19/2013","74.34","0","On Time"
"2423-QOKIO","3/14/2013","4/13/2013","4/10/2013","48.27","0","On Time"
"2687-XWAMA","7/13/2012","8/12/2012","7/30/2012","46.68","0","On Time"
"9174-IYKOC","11/27/2013","12/27/2013","12/18/2013","71.6","0","On Time"
"2026-XLBER","9/14/2012","10/14/2012","10/3/2012","50.87","0","On Time"
"2026-XLBER","1/9/2012","2/8/2012","1/30/2012","83.12","0","On Time"
"6833-ETVHD","6/6/2012","7/6/2012","6/18/2012","82.79","0","On Time"
"9758-AIEIK","9/14/2013","10/14/2013","10/1/2013","69.65","0","On Time"
"9014-WENVB","9/26/2013","10/26/2013","10/19/2013","64.95","0","On Time"
"9286-VLKMI","6/4/2012","7/4/2012","6/16/2012","41.71","0","On Time"
"6627-ELFBK","2/1/2013","3/3/2013","3/9/2013","69.59","6","1-30 days"
"8102-ABPKQ","7/31/2012","8/30/2012","9/13/2012","55.5","14","1-30 days"
"8820-BLYDZ","1/6/2012","2/5/2012","1/16/2012","78.05","0","On Time"
"4651-PMEXQ","7/12/2012","8/11/2012","8/3/2012","68.84","0","On Time"
"4092-ZAVRG","2/6/2013","3/8/2013","2/10/2013","82.93","0","On Time"
"3271-HYHDN","1/9/2013","2/8/2013","1/12/2013","49.85","0","On Time"
"9841-XLGBV","12/20/2012","1/19/2013","1/23/2013","50.03","4","1-30 days"
"6708-DPYTF","7/11/2012","8/10/2012","8/13/2012","69","3","1-30 days"
"4632-QZOKX","7/23/2012","8/22/2012","8/25/2012","52.71","3","1-30 days"
"1408-OQZUE","6/21/2013","7/21/2013","8/4/2013","36.78","14","1-30 days"
"6831-FIODB","1/20/2013","2/19/2013","2/20/2013","17.44","1","1-30 days"
"6708-DPYTF","10/24/2013","11/23/2013","12/3/2013","93.24","10","1-30 days"
"9286-VLKMI","9/29/2013","10/29/2013","9/30/2013","47.32","0","On Time"
"6627-ELFBK","4/6/2012","5/6/2012","5/1/2012","67.3","0","On Time"
"8976-AMJEO","12/8/2012","1/7/2013","1/2/2013","68.72","0","On Time"
"7600-OISKG","9/16/2012","10/16/2012","10/25/2012","60.95","9","1-30 days"
"9758-AIEIK","3/23/2012","4/22/2012","4/20/2012","37.39","0","On Time"
"1447-YZKCL","8/22/2013","9/21/2013","9/26/2013","78.69","5","1-30 days"
"3676-CQAIF","7/6/2013","8/5/2013","8/7/2013","24.9","2","1-30 days"
"9181-HEKGV","2/16/2012","3/17/2012","3/16/2012","64.02","0","On Time"
"7654-DOLHO","5/16/2012","6/15/2012","6/6/2012","36.2","0","On Time"
"8690-EEBEO","1/29/2012","2/28/2012","3/6/2012","49.83","7","1-30 days"
"5592-UQXSS","6/21/2012","7/21/2012","7/7/2012","8.22","0","On Time"
"1168-BEASA","2/3/2013","3/5/2013","2/21/2013","20.65","0","On Time"
"4632-QZOKX","10/21/2013","11/20/2013","12/4/2013","36.28","14","1-30 days"
"7050-KQLDO","3/18/2013","4/17/2013","4/12/2013","88.33","0","On Time"
"6831-FIODB","8/27/2012","9/26/2012","9/24/2012","52.08","0","On Time"
"3568-JJMFW","2/21/2012","3/22/2012","3/10/2012","56.21","0","On Time"
"9758-AIEIK","7/13/2013","8/12/2013","8/16/2013","109.79","4","1-30 days"
"6627-ELFBK","4/30/2013","5/30/2013","6/6/2013","27.41","7","1-30 days"
"3448-OWJOT","4/1/2012","5/1/2012","5/11/2012","72.78","10","1-30 days"
"8690-EEBEO","4/24/2012","5/24/2012","5/30/2012","52.8","6","1-30 days"
"2125-HJDLA","9/22/2013","10/22/2013","11/1/2013","42.46","10","1-30 days"
"9758-AIEIK","1/31/2012","3/1/2012","2/20/2012","81.13","0","On Time"
"7856-ODQFO","4/7/2013","5/7/2013","4/27/2013","9.47","0","On Time"
"2026-XLBER","7/14/2012","8/13/2012","7/31/2012","57.7","0","On Time"
"1080-NDGAE","3/10/2012","4/9/2012","4/14/2012","85.82","5","1-30 days"
"8389-TCXFQ","8/4/2012","9/3/2012","9/13/2012","69.65","10","1-30 days"
"6077-FDQRK","11/14/2012","12/14/2012","11/29/2012","60.66","0","On Time"
"2820-XGXSB","3/23/2012","4/22/2012","3/28/2012","92.34","0","On Time"
"2026-XLBER","3/9/2012","4/8/2012","4/1/2012","18.57","0","On Time"
"1168-BEASA","11/16/2012","12/16/2012","12/28/2012","84.22","12","1-30 days"
"7260-ZHAKS","1/30/2013","3/1/2013","2/25/2013","53.71","0","On Time"
"3271-HYHDN","1/5/2013","2/4/2013","1/12/2013","46.1","0","On Time"
"9014-WENVB","6/20/2012","7/20/2012","7/20/2012","67.07","0","On Time"
"8156-PCYBM","3/4/2012","4/3/2012","3/31/2012","59.3","0","On Time"
"6077-FDQRK","8/6/2012","9/5/2012","8/28/2012","47.35","0","On Time"
"9149-MATVB","12/2/2013","1/1/2014","12/16/2013","38.5","0","On Time"
"2820-XGXSB","12/18/2012","1/17/2013","12/22/2012","108.68","0","On Time"
"8102-ABPKQ","7/25/2012","8/24/2012","9/4/2012","61.39","11","1-30 days"
"9725-EZTEJ","10/22/2012","11/21/2012","11/11/2012","93.24","0","On Time"
"7228-LEPPM","1/16/2013","2/15/2013","2/26/2013","47.74","11","1-30 days"
"6391-GBFQJ","7/28/2013","8/27/2013","8/12/2013","41.79","0","On Time"
"6632-CGYHU","1/29/2012","2/28/2012","2/21/2012","51.13","0","On Time"
"9174-IYKOC","8/17/2013","9/16/2013","9/6/2013","57.6","0","On Time"
"9212-BTDMX","6/12/2013","7/12/2013","6/28/2013","53.19","0","On Time"
"7841-HROAQ","12/2/2012","1/1/2013","1/8/2013","84.74","7","1-30 days"
"2820-XGXSB","8/22/2013","9/21/2013","8/29/2013","102.67","0","On Time"
"7209-MDWKR","8/11/2013","9/10/2013","9/12/2013","90.42","2","1-30 days"
"6833-ETVHD","8/12/2013","9/11/2013","9/2/2013","75.88","0","On Time"
"7600-OISKG","11/30/2012","12/30/2012","12/26/2012","40.23","0","On Time"
"0465-DTULQ","7/29/2013","8/28/2013","8/26/2013","83.36","0","On Time"
"9322-YCTQO","1/8/2013","2/7/2013","2/11/2013","89.98","4","1-30 days"
"2423-QOKIO","4/23/2013","5/23/2013","5/28/2013","74.98","5","1-30 days"
"6831-FIODB","8/8/2013","9/7/2013","8/26/2013","43.2","0","On Time"
"5164-VMYWJ","8/10/2013","9/9/2013","9/1/2013","45.49","0","On Time"
"3598-DNURW","11/16/2012","12/16/2012","11/23/2012","46.07","0","On Time"
"7209-MDWKR","12/16/2012","1/15/2013","1/15/2013","61.2","0","On Time"
"3993-QUNVJ","10/31/2013","11/30/2013","11/5/2013","61.43","0","On Time"
"7228-LEPPM","8/7/2012","9/6/2012","9/10/2012","60.58","4","1-30 days"
"0187-ERLSR","3/16/2013","4/15/2013","4/4/2013","73.27","0","On Time"
"6708-DPYTF","8/1/2012","8/31/2012","9/8/2012","57.69","8","1-30 days"
"8389-TCXFQ","6/6/2013","7/6/2013","6/14/2013","65.16","0","On Time"
"8389-TCXFQ","6/1/2012","7/1/2012","7/8/2012","83.68","7","1-30 days"
"9250-VHLWY","5/24/2012","6/23/2012","6/17/2012","36.83","0","On Time"
"0783-PEPYR","9/30/2012","10/30/2012","11/18/2012","87.36","19","1-30 days"
"0379-NEVHP","2/17/2013","3/19/2013","3/11/2013","79.25","0","On Time"
"1408-OQZUE","4/11/2013","5/11/2013","5/11/2013","44.06","0","On Time"
"9250-VHLWY","3/24/2012","4/23/2012","4/17/2012","53.67","0","On Time"
"8102-ABPKQ","9/23/2012","10/23/2012","11/6/2012","67.92","14","1-30 days"
"2820-XGXSB","8/25/2012","9/24/2012","9/1/2012","74.53","0","On Time"
"5573-KSOIA","1/20/2012","2/19/2012","2/23/2012","70.91","4","1-30 days"
"3448-OWJOT","7/10/2013","8/9/2013","7/31/2013","78.88","0","On Time"
"7938-EVASK","7/13/2012","8/12/2012","8/28/2012","88.31","16","1-30 days"
"1447-YZKCL","7/19/2013","8/18/2013","8/28/2013","116.66","10","1-30 days"
"3271-YDPUJ","2/4/2012","3/5/2012","2/28/2012","43.29","0","On Time"
"0706-NRGUP","2/7/2013","3/9/2013","3/16/2013","26.49","7","1-30 days"
"9117-LYRCE","10/11/2012","11/10/2012","11/13/2012","86.6","3","1-30 days"
"6391-GBFQJ","1/31/2013","3/2/2013","2/12/2013","15.48","0","On Time"
"1447-YZKCL","10/30/2013","11/29/2013","12/5/2013","87.27","6","1-30 days"
"9174-IYKOC","4/7/2013","5/7/2013","4/29/2013","77.01","0","On Time"
"5920-DPXLN","10/25/2012","11/24/2012","11/21/2012","40.55","0","On Time"
"7946-HJDUR","9/12/2012","10/12/2012","10/5/2012","51","0","On Time"
"2687-XWAMA","2/27/2012","3/28/2012","3/11/2012","41.71","0","On Time"
"8102-ABPKQ","6/18/2013","7/18/2013","8/6/2013","64.59","19","1-30 days"
"0706-NRGUP","11/14/2012","12/14/2012","12/9/2012","20.61","0","On Time"
"7946-HJDUR","3/9/2013","4/8/2013","4/8/2013","50.21","0","On Time"
"4632-QZOKX","9/2/2013","10/2/2013","9/28/2013","47.24","0","On Time"
"0783-PEPYR","7/5/2013","8/4/2013","8/16/2013","49.56","12","1-30 days"
"4640-FGEJI","1/14/2013","2/13/2013","2/17/2013","40.13","4","1-30 days"
"0465-DTULQ","1/11/2013","2/10/2013","2/20/2013","52.14","10","1-30 days"
"2824-HJQPP","4/1/2013","5/1/2013","4/18/2013","52.4","0","On Time"
"7695-NKUXM","6/30/2013","7/30/2013","7/3/2013","63.05","0","On Time"
"3271-YDPUJ","6/3/2012","7/3/2012","7/3/2012","35.3","0","On Time"
"5164-VMYWJ","7/28/2012","8/27/2012","9/15/2012","86.76","19","1-30 days"
"7372-CESLR","6/8/2013","7/8/2013","6/21/2013","46.34","0","On Time"
"6177-VTITE","11/24/2012","12/24/2012","12/9/2012","19.06","0","On Time"
"9286-VLKMI","12/30/2012","1/29/2013","1/4/2013","51.96","0","On Time"
"9014-WENVB","6/5/2013","7/5/2013","7/13/2013","26.13","8","1-30 days"
"6048-QPZCF","9/24/2013","10/24/2013","9/29/2013","54.37","0","On Time"
"7654-DOLHO","4/12/2013","5/12/2013","5/7/2013","16.06","0","On Time"
"4092-ZAVRG","1/4/2012","2/3/2012","1/13/2012","75.21","0","On Time"
"0465-DTULQ","4/28/2012","5/28/2012","6/12/2012","43.62","15","1-30 days"
"7695-NKUXM","6/22/2013","7/22/2013","6/25/2013","53.19","0","On Time"
"0688-XNJRO","1/18/2012","2/17/2012","3/22/2012","18.03","34","31-60 days"
"8389-TCXFQ","11/30/2013","12/30/2013","1/7/2014","73.6","8","1-30 days"
"2026-XLBER","10/29/2012","11/28/2012","11/11/2012","37.87","0","On Time"
"6077-FDQRK","8/4/2012","9/3/2012","8/30/2012","30.14","0","On Time"
"6048-QPZCF","2/10/2013","3/12/2013","2/22/2013","92.14","0","On Time"
"8976-AMJEO","3/21/2013","4/20/2013","4/23/2013","70.99","3","1-30 days"
"5613-UHVMG","9/12/2012","10/12/2012","10/21/2012","41.12","9","1-30 days"
"2687-XWAMA","5/19/2012","6/18/2012","5/31/2012","67.97","0","On Time"
"0688-XNJRO","1/12/2012","2/11/2012","2/24/2012","64.19","13","1-30 days"
"4460-ZXNDN","6/9/2012","7/9/2012","7/23/2012","51.6","14","1-30 days"
"2824-HJQPP","11/19/2012","12/19/2012","12/8/2012","86.87","0","On Time"
"9149-MATVB","11/26/2013","12/26/2013","12/18/2013","51.42","0","On Time"
"8942-ERSWK","10/27/2013","11/26/2013","11/1/2013","9.53","0","On Time"
"9323-NDIOV","1/18/2012","2/17/2012","3/12/2012","56.55","24","1-30 days"
"0709-LZRJV","7/13/2012","8/12/2012","8/24/2012","26.98","12","1-30 days"
"9250-VHLWY","3/14/2012","4/13/2012","3/29/2012","38","0","On Time"
"6708-DPYTF","9/3/2012","10/3/2012","10/6/2012","27.42","3","1-30 days"
"8942-ERSWK","10/19/2013","11/18/2013","10/29/2013","7.39","0","On Time"
"9286-VLKMI","8/19/2012","9/18/2012","8/22/2012","44.25","0","On Time"
"3676-CQAIF","2/25/2012","3/26/2012","4/2/2012","25.93","7","1-30 days"
"6004-KITZM","8/1/2013","8/31/2013","8/30/2013","83.37","0","On Time"
"1080-NDGAE","3/14/2012","4/13/2012","3/31/2012","95.82","0","On Time"
"5284-DJOZO","1/27/2012","2/26/2012","2/11/2012","53.81","0","On Time"
"3676-CQAIF","2/7/2012","3/8/2012","3/17/2012","44.52","9","1-30 days"
"7372-CESLR","4/15/2013","5/15/2013","5/12/2013","22.45","0","On Time"
"7372-CESLR","9/10/2012","10/10/2012","9/28/2012","52.82","0","On Time"
"7946-HJDUR","3/29/2012","4/28/2012","4/22/2012","55.38","0","On Time"
"6296-UKEUZ","12/7/2012","1/6/2013","12/8/2012","21.42","0","On Time"
"3598-DNURW","1/26/2012","2/25/2012","2/9/2012","47.02","0","On Time"
"5592-UQXSS","2/6/2013","3/8/2013","3/3/2013","37.22","0","On Time"
"9212-BTDMX","5/19/2013","6/18/2013","6/5/2013","35.15","0","On Time"
"6627-ELFBK","7/1/2013","7/31/2013","7/14/2013","57.97","0","On Time"
"6296-UKEUZ","3/5/2013","4/4/2013","3/7/2013","14.8","0","On Time"
"4632-QZOKX","2/21/2012","3/22/2012","4/3/2012","76.19","12","1-30 days"
"1080-NDGAE","1/15/2013","2/14/2013","2/13/2013","100","0","On Time"
"8690-EEBEO","7/26/2013","8/25/2013","8/26/2013","64.18","1","1-30 days"
"9174-IYKOC","11/24/2013","12/24/2013","12/18/2013","51.62","0","On Time"
"7329-TWKLF","9/8/2013","10/8/2013","9/23/2013","84.5","0","On Time"
"9212-BTDMX","10/19/2012","11/18/2012","10/31/2012","45","0","On Time"
"2621-XCLEH","4/16/2012","5/16/2012","5/30/2012","74.06","14","1-30 days"
"5196-TWQXF","6/21/2012","7/21/2012","7/4/2012","82.34","0","On Time"
"4651-PMEXQ","1/9/2012","2/8/2012","2/11/2012","100.32","3","1-30 days"
"6833-ETVHD","9/15/2012","10/15/2012","10/2/2012","84.17","0","On Time"
"6627-ELFBK","11/18/2012","12/18/2012","12/25/2012","80.49","7","1-30 days"
"7260-ZHAKS","5/17/2013","6/16/2013","6/12/2013","55.31","0","On Time"
"5613-UHVMG","10/4/2012","11/3/2012","11/26/2012","64.59","23","1-30 days"
"5164-VMYWJ","10/25/2012","11/24/2012","11/11/2012","65.2","0","On Time"
"7695-NKUXM","11/20/2012","12/20/2012","12/12/2012","38.12","0","On Time"
"6160-HCSFI","1/18/2012","2/17/2012","2/11/2012","77.44","0","On Time"
"9322-YCTQO","7/16/2013","8/15/2013","8/26/2013","86.39","11","1-30 days"
"4632-QZOKX","5/20/2012","6/19/2012","6/27/2012","65.77","8","1-30 days"
"2423-QOKIO","6/17/2013","7/17/2013","7/3/2013","64.21","0","On Time"
"7372-CESLR","1/2/2013","2/1/2013","1/27/2013","27.5","0","On Time"
"6708-DPYTF","1/21/2012","2/20/2012","2/19/2012","92.19","0","On Time"
"2820-XGXSB","6/1/2012","7/1/2012","6/7/2012","55.91","0","On Time"
"0688-XNJRO","12/31/2012","1/30/2013","2/16/2013","44.81","17","1-30 days"
"6831-FIODB","1/16/2012","2/15/2012","2/10/2012","62.84","0","On Time"
"4640-FGEJI","5/22/2012","6/21/2012","6/18/2012","59.74","0","On Time"
"1604-LIFKX","8/17/2012","9/16/2012","9/27/2012","87.95","11","1-30 days"
"3568-JJMFW","10/15/2013","11/14/2013","11/8/2013","60.71","0","On Time"
"1447-YZKCL","4/12/2012","5/12/2012","5/18/2012","73.29","6","1-30 days"
"3993-QUNVJ","9/3/2013","10/3/2013","9/19/2013","84.91","0","On Time"
"6160-HCSFI","8/17/2013","9/16/2013","8/28/2013","82.91","0","On Time"
"3831-FXWYK","11/4/2012","12/4/2012","12/5/2012","66.03","1","1-30 days"
"0706-NRGUP","7/23/2012","8/22/2012","8/31/2012","29.62","9","1-30 days"
"3598-DNURW","4/26/2013","5/26/2013","5/11/2013","57.06","0","On Time"
"9323-NDIOV","7/17/2013","8/16/2013","8/10/2013","29.42","0","On Time"
"7260-ZHAKS","9/12/2013","10/12/2013","10/6/2013","19.7","0","On Time"
"3993-QUNVJ","8/2/2012","9/1/2012","8/18/2012","67.9","0","On Time"
"1168-BEASA","12/30/2012","1/29/2013","1/25/2013","59.86","0","On Time"
"7245-CKNCN","2/7/2012","3/8/2012","2/29/2012","88.89","0","On Time"
"6833-ETVHD","5/10/2013","6/9/2013","6/1/2013","54.69","0","On Time"
"9460-VAZGD","4/16/2012","5/16/2012","5/13/2012","64.78","0","On Time"
"9883-SDWFS","2/14/2013","3/16/2013","3/15/2013","7.78","0","On Time"
"8820-BLYDZ","4/8/2012","5/8/2012","4/20/2012","83.49","0","On Time"
"9883-SDWFS","7/28/2012","8/27/2012","9/12/2012","45.24","16","1-30 days"
"9460-VAZGD","5/31/2012","6/30/2012","6/21/2012","26.91","0","On Time"
"2423-QOKIO","8/13/2013","9/12/2013","8/30/2013","61.06","0","On Time"
"3448-OWJOT","10/26/2012","11/25/2012","11/26/2012","96.51","1","1-30 days"
"3271-HYHDN","3/5/2012","4/4/2012","3/14/2012","57.07","0","On Time"
"7245-CKNCN","5/21/2012","6/20/2012","6/13/2012","93.86","0","On Time"
"0465-DTULQ","11/16/2012","12/16/2012","12/20/2012","76.21","4","1-30 days"
"9250-VHLWY","2/18/2013","3/20/2013","3/18/2013","58.53","0","On Time"
"9149-MATVB","6/22/2012","7/22/2012","7/18/2012","48.35","0","On Time"
"0379-NEVHP","5/29/2013","6/28/2013","6/6/2013","68.49","0","On Time"
"8942-ERSWK","10/19/2013","11/18/2013","10/27/2013","20.22","0","On Time"
"7856-ODQFO","4/7/2013","5/7/2013","5/7/2013","84.15","0","On Time"
"7260-ZHAKS","9/6/2012","10/6/2012","9/26/2012","44.99","0","On Time"
"7946-HJDUR","3/31/2013","4/30/2013","4/26/2013","48.07","0","On Time"
"7209-MDWKR","4/24/2013","5/24/2013","5/28/2013","69.34","4","1-30 days"
"2621-XCLEH","7/28/2013","8/27/2013","9/12/2013","92.17","16","1-30 days"
"3569-VJWXS","1/26/2013","2/25/2013","2/19/2013","58.42","0","On Time"
"2423-QOKIO","3/5/2013","4/4/2013","4/1/2013","73.49","0","On Time"
"0465-DTULQ","1/18/2013","2/17/2013","2/23/2013","64.48","6","1-30 days"
"9323-NDIOV","11/25/2012","12/25/2012","1/19/2013","52.01","25","1-30 days"
"2447-JCFGW","3/19/2013","4/18/2013","4/11/2013","66.6","0","On Time"
"5592-UQXSS","4/9/2012","5/9/2012","5/26/2012","63.16","17","1-30 days"
"2423-QOKIO","6/2/2012","7/2/2012","6/28/2012","73.95","0","On Time"
"7841-HROAQ","7/21/2012","8/20/2012","8/7/2012","64.33","0","On Time"
"7260-ZHAKS","7/14/2012","8/13/2012","7/29/2012","67.49","0","On Time"
"3271-YDPUJ","7/7/2012","8/6/2012","7/19/2012","31.81","0","On Time"
"7209-MDWKR","10/26/2012","11/25/2012","11/25/2012","74.92","0","On Time"
"9725-EZTEJ","3/2/2013","4/1/2013","3/28/2013","77.52","0","On Time"
"1447-YZKCL","6/16/2012","7/16/2012","7/22/2012","61.6","6","1-30 days"
"5924-UOPGH","9/19/2012","10/19/2012","10/10/2012","91.64","0","On Time"
"9174-IYKOC","7/31/2012","8/30/2012","9/10/2012","53.08","11","1-30 days"
"0706-NRGUP","10/3/2013","11/2/2013","10/28/2013","44.36","0","On Time"
"6077-FDQRK","4/17/2012","5/17/2012","5/14/2012","46.17","0","On Time"
"7260-ZHAKS","6/27/2012","7/27/2012","7/21/2012","56.4","0","On Time"
"9323-NDIOV","9/18/2012","10/18/2012","10/25/2012","61.32","7","1-30 days"
"9725-EZTEJ","3/20/2012","4/19/2012","4/26/2012","82.09","7","1-30 days"
"0465-DTULQ","11/13/2013","12/13/2013","12/12/2013","58.22","0","On Time"
"9212-BTDMX","1/16/2012","2/15/2012","2/8/2012","49.25","0","On Time"
"0465-DTULQ","7/20/2013","8/19/2013","8/15/2013","38.55","0","On Time"
"2125-HJDLA","7/22/2013","8/21/2013","8/29/2013","33.42","8","1-30 days"
"9250-VHLWY","7/23/2012","8/22/2012","8/13/2012","58.82","0","On Time"
"5529-TBPGK","10/10/2013","11/9/2013","11/3/2013","41.92","0","On Time"
"3598-DNURW","6/5/2013","7/5/2013","6/20/2013","57.33","0","On Time"
"4632-QZOKX","5/29/2013","6/28/2013","7/1/2013","46.25","3","1-30 days"
"5284-DJOZO","7/30/2013","8/29/2013","8/6/2013","68.15","0","On Time"
"5164-VMYWJ","1/3/2013","2/2/2013","2/1/2013","67.66","0","On Time"
"8820-BLYDZ","9/30/2013","10/30/2013","10/1/2013","66.82","0","On Time"
"8887-NCUZC","5/13/2013","6/12/2013","6/5/2013","31.84","0","On Time"
"9841-XLGBV","6/11/2012","7/11/2012","7/11/2012","27.18","0","On Time"
"6048-QPZCF","8/30/2012","9/29/2012","9/6/2012","75.59","0","On Time"
"5529-TBPGK","4/7/2012","5/7/2012","5/16/2012","84.31","9","1-30 days"
"6632-CGYHU","10/18/2012","11/17/2012","11/7/2012","98.61","0","On Time"
"2447-JCFGW","4/13/2012","5/13/2012","5/9/2012","61.49","0","On Time"
"8156-PCYBM","2/6/2013","3/8/2013","3/4/2013","80.93","0","On Time"
"0625-TNJFG","6/2/2013","7/2/2013","6/28/2013","67.86","0","On Time"
"1408-OQZUE","4/20/2012","5/20/2012","5/17/2012","54.94","0","On Time"
"7654-DOLHO","8/28/2012","9/27/2012","9/23/2012","69.55","0","On Time"
"4651-PMEXQ","1/29/2013","2/28/2013","3/10/2013","102.01","10","1-30 days"
"6632-CGYHU","2/9/2013","3/11/2013","2/19/2013","92.97","0","On Time"
"6077-FDQRK","9/6/2012","10/6/2012","9/22/2012","30.23","0","On Time"
"3676-CQAIF","3/2/2012","4/1/2012","4/9/2012","45.97","8","1-30 days"
"6177-VTITE","7/19/2013","8/18/2013","8/3/2013","65.01","0","On Time"
"6833-ETVHD","9/25/2013","10/25/2013","10/20/2013","56.38","0","On Time"
"9117-LYRCE","1/15/2013","2/14/2013","2/27/2013","60.11","13","1-30 days"
"2423-QOKIO","6/12/2013","7/12/2013","7/2/2013","91.72","0","On Time"
"0379-NEVHP","12/3/2012","1/2/2013","12/19/2012","52.47","0","On Time"
"9883-SDWFS","10/9/2012","11/8/2012","11/9/2012","18.77","1","1-30 days"
"6708-DPYTF","7/11/2012","8/10/2012","8/24/2012","73.6","14","1-30 days"
"8976-AMJEO","6/15/2013","7/15/2013","7/8/2013","93.56","0","On Time"
"6160-HCSFI","1/24/2013","2/23/2013","2/11/2013","44.64","0","On Time"
"9149-MATVB","11/28/2012","12/28/2012","12/25/2012","24.32","0","On Time"
"7329-TWKLF","5/2/2012","6/1/2012","5/19/2012","73.3","0","On Time"
"7856-ODQFO","9/25/2012","10/25/2012","10/19/2012","44.24","0","On Time"
"9725-EZTEJ","6/23/2012","7/23/2012","8/6/2012","94.51","14","1-30 days"
"8156-PCYBM","9/28/2013","10/28/2013","10/24/2013","76.25","0","On Time"
"6627-ELFBK","5/31/2013","6/30/2013","6/16/2013","66.51","0","On Time"
"9841-XLGBV","5/17/2012","6/16/2012","6/14/2012","38.84","0","On Time"
"2621-XCLEH","7/16/2013","8/15/2013","9/2/2013","78.08","18","1-30 days"
"4640-FGEJI","6/4/2012","7/4/2012","6/25/2012","43.75","0","On Time"
"2125-HJDLA","8/3/2013","9/2/2013","9/3/2013","69.73","1","1-30 days"
"2687-XWAMA","2/15/2013","3/17/2013","3/4/2013","52.29","0","On Time"
"6708-DPYTF","3/19/2013","4/18/2013","4/28/2013","87.99","10","1-30 days"
"7050-KQLDO","5/22/2013","6/21/2013","6/7/2013","77.86","0","On Time"
"1408-OQZUE","2/13/2012","3/14/2012","3/19/2012","68.28","5","1-30 days"
"6632-CGYHU","3/13/2012","4/12/2012","3/26/2012","81.85","0","On Time"
"9117-LYRCE","10/13/2013","11/12/2013","11/16/2013","68.25","4","1-30 days"
"9883-SDWFS","2/26/2013","3/28/2013","3/31/2013","26.37","3","1-30 days"
"5875-VZQCZ","7/22/2013","8/21/2013","8/7/2013","67.57","0","On Time"
"8690-EEBEO","10/30/2013","11/29/2013","12/5/2013","57.16","6","1-30 days"
"5920-DPXLN","10/17/2013","11/16/2013","11/1/2013","65.37","0","On Time"
"4640-FGEJI","12/25/2012","1/24/2013","1/23/2013","58.59","0","On Time"
"1408-OQZUE","7/6/2013","8/5/2013","8/2/2013","13.09","0","On Time"
"7946-HJDUR","8/22/2013","9/21/2013","9/19/2013","58.85","0","On Time"
"9117-LYRCE","8/21/2012","9/20/2012","10/14/2012","42.62","24","1-30 days"
"8364-UWVLM","5/11/2012","6/10/2012","7/4/2012","54.92","24","1-30 days"
"8887-NCUZC","7/12/2013","8/11/2013","8/16/2013","26.25","5","1-30 days"
"2687-XWAMA","4/20/2012","5/20/2012","5/4/2012","52.06","0","On Time"
"3993-QUNVJ","6/21/2013","7/21/2013","6/30/2013","81.06","0","On Time"
"6296-UKEUZ","2/27/2013","3/29/2013","3/4/2013","35.1","0","On Time"
"6177-VTITE","11/11/2012","12/11/2012","12/1/2012","54.3","0","On Time"
"5284-DJOZO","7/25/2013","8/24/2013","8/11/2013","60.3","0","On Time"
"5875-VZQCZ","8/14/2012","9/13/2012","9/10/2012","89.27","0","On Time"
"6004-KITZM","12/14/2012","1/13/2013","1/7/2013","58.56","0","On Time"
"8156-PCYBM","1/17/2012","2/16/2012","2/29/2012","67.15","13","1-30 days"
"5529-TBPGK","9/11/2012","10/11/2012","10/18/2012","28.09","7","1-30 days"
"5573-KSOIA","11/14/2013","12/14/2013","12/11/2013","104.58","0","On Time"
"7856-ODQFO","2/17/2013","3/19/2013","3/22/2013","43.41","3","1-30 days"
"8364-UWVLM","10/10/2012","11/9/2012","10/31/2012","105.85","0","On Time"
"6048-QPZCF","8/28/2012","9/27/2012","9/15/2012","95.29","0","On Time"
"5573-KSOIA","1/26/2012","2/25/2012","3/15/2012","98.51","19","1-30 days"
"6004-KITZM","6/5/2012","7/5/2012","6/18/2012","74.9","0","On Time"
"5164-VMYWJ","7/29/2013","8/28/2013","8/23/2013","75.37","0","On Time"
"9460-VAZGD","3/3/2012","4/2/2012","3/21/2012","29.39","0","On Time"
"2687-XWAMA","10/11/2013","11/10/2013","10/18/2013","62.06","0","On Time"
"0709-LZRJV","7/2/2013","8/1/2013","7/24/2013","44.71","0","On Time"
"6833-ETVHD","9/2/2012","10/2/2012","9/12/2012","66.68","0","On Time"
"6077-FDQRK","6/14/2013","7/14/2013","6/30/2013","48.18","0","On Time"
"7245-CKNCN","5/2/2013","6/1/2013","5/13/2013","74.36","0","On Time"
"7695-NKUXM","10/7/2012","11/6/2012","10/21/2012","47.52","0","On Time"
"9117-LYRCE","7/27/2012","8/26/2012","10/2/2012","69.95","37","31-60 days"
"1080-NDGAE","7/4/2012","8/3/2012","8/5/2012","77.47","2","1-30 days"
"7245-CKNCN","6/6/2012","7/6/2012","6/19/2012","49.72","0","On Time"
"2676-DZINU","5/13/2013","6/12/2013","5/22/2013","68.69","0","On Time"
"9014-WENVB","9/25/2012","10/25/2012","10/17/2012","59.56","0","On Time"
"2824-HJQPP","3/4/2012","4/3/2012","3/25/2012","48.11","0","On Time"
"3568-JJMFW","9/17/2012","10/17/2012","10/4/2012","67.58","0","On Time"
"8942-ERSWK","8/11/2013","9/10/2013","9/11/2013","37.13","1","1-30 days"
"6296-UKEUZ","7/22/2012","8/21/2012","7/25/2012","29.77","0","On Time"
"9250-VHLWY","10/22/2012","11/21/2012","11/27/2012","47.41","6","1-30 days"
"7841-HROAQ","10/16/2013","11/15/2013","11/6/2013","90.61","0","On Time"
"2824-HJQPP","4/5/2012","5/5/2012","4/29/2012","44.99","0","On Time"
"7695-NKUXM","5/7/2012","6/6/2012","5/26/2012","45.76","0","On Time"
"7228-LEPPM","9/1/2012","10/1/2012","10/6/2012","69.9","5","1-30 days"
"2824-HJQPP","3/6/2012","4/5/2012","3/23/2012","58.14","0","On Time"
"3676-CQAIF","11/15/2012","12/15/2012","12/23/2012","50.33","8","1-30 days"
"5920-DPXLN","5/28/2013","6/27/2013","6/10/2013","68.39","0","On Time"
"3569-VJWXS","2/25/2012","3/26/2012","3/22/2012","55.09","0","On Time"
"0688-XNJRO","9/6/2013","10/6/2013","10/4/2013","25.07","0","On Time"
"6391-GBFQJ","12/2/2013","1/1/2014","12/13/2013","18.05","0","On Time"
"6160-HCSFI","4/24/2013","5/24/2013","5/20/2013","43.95","0","On Time"
"2026-XLBER","10/27/2013","11/26/2013","11/7/2013","45.17","0","On Time"
"7946-HJDUR","3/31/2012","4/30/2012","4/21/2012","60.57","0","On Time"
"8690-EEBEO","11/6/2012","12/6/2012","12/11/2012","50.27","5","1-30 days"
"6391-GBFQJ","10/18/2013","11/17/2013","10/31/2013","8.61","0","On Time"
"1604-LIFKX","3/8/2012","4/7/2012","5/1/2012","54.41","24","1-30 days"
"1080-NDGAE","2/24/2013","3/26/2013","4/6/2013","74.62","11","1-30 days"
"2676-DZINU","9/21/2013","10/21/2013","10/8/2013","73.86","0","On Time"
"7209-MDWKR","4/22/2012","5/22/2012","5/28/2012","72.62","6","1-30 days"
"3448-OWJOT","2/23/2013","3/25/2013","3/28/2013","59.31","3","1-30 days"
"4092-ZAVRG","2/11/2012","3/12/2012","2/18/2012","43.62","0","On Time"
"3568-JJMFW","7/18/2012","8/17/2012","8/14/2012","84.79","0","On Time"
"9174-IYKOC","6/2/2013","7/2/2013","6/27/2013","60.65","0","On Time"
"6627-ELFBK","2/16/2013","3/18/2013","3/4/2013","82.93","0","On Time"
"5164-VMYWJ","5/5/2013","6/4/2013","6/4/2013","60.77","0","On Time"
"2621-XCLEH","6/18/2013","7/18/2013","7/17/2013","37.49","0","On Time"
"5164-VMYWJ","11/15/2012","12/15/2012","12/4/2012","62.62","0","On Time"
"8389-TCXFQ","10/9/2013","11/8/2013","11/4/2013","59.21","0","On Time"
"0187-ERLSR","5/15/2012","6/14/2012","5/28/2012","77.19","0","On Time"
"9322-YCTQO","1/29/2012","2/28/2012","3/18/2012","96.02","19","1-30 days"
"6831-FIODB","8/8/2013","9/7/2013","9/22/2013","40.18","15","1-30 days"
"3568-JJMFW","9/10/2013","10/10/2013","10/4/2013","83.68","0","On Time"
"6077-FDQRK","3/24/2013","4/23/2013","4/8/2013","33.37","0","On Time"
"8389-TCXFQ","7/17/2013","8/16/2013","8/13/2013","76.26","0","On Time"
"6833-ETVHD","5/1/2013","5/31/2013","5/16/2013","65.29","0","On Time"
"9181-HEKGV","7/12/2013","8/11/2013","8/20/2013","52.48","9","1-30 days"
"7856-ODQFO","2/13/2012","3/14/2012","3/4/2012","40.16","0","On Time"
"9771-QTLGZ","6/14/2013","7/14/2013","6/24/2013","55.47","0","On Time"
"7209-MDWKR","10/15/2012","11/14/2012","11/18/2012","55.85","4","1-30 days"
"8156-PCYBM","9/24/2012","10/24/2012","10/20/2012","85.49","0","On Time"
"4632-QZOKX","9/19/2013","10/19/2013","11/8/2013","33.9","20","1-30 days"
"1604-LIFKX","2/8/2013","3/10/2013","3/19/2013","85.76","9","1-30 days"
"5875-VZQCZ","11/11/2012","12/11/2012","12/4/2012","57.87","0","On Time"
"3448-OWJOT","9/22/2013","10/22/2013","11/11/2013","86.38","20","1-30 days"
"7050-KQLDO","5/14/2013","6/13/2013","6/3/2013","59.83","0","On Time"
"0706-NRGUP","9/4/2013","10/4/2013","10/4/2013","10.03","0","On Time"
"4460-ZXNDN","5/23/2012","6/22/2012","7/18/2012","74.28","26","1-30 days"
"9460-VAZGD","10/8/2012","11/7/2012","10/29/2012","35.8","0","On Time"
"7260-ZHAKS","3/19/2013","4/18/2013","4/11/2013","81.1","0","On Time"
"3271-HYHDN","8/25/2012","9/24/2012","8/31/2012","36.09","0","On Time"
"7372-CESLR","6/4/2013","7/4/2013","6/27/2013","44.54","0","On Time"
"9250-VHLWY","7/22/2013","8/21/2013","8/10/2013","51.21","0","On Time"
"4640-FGEJI","9/25/2012","10/25/2012","10/24/2012","93.51","0","On Time"
"0783-PEPYR","4/22/2013","5/22/2013","6/12/2013","33.11","21","1-30 days"
"5284-DJOZO","2/23/2012","3/24/2012","2/29/2012","67.59","0","On Time"
"6177-VTITE","6/23/2012","7/23/2012","7/14/2012","40.13","0","On Time"
"6004-KITZM","9/8/2013","10/8/2013","9/12/2013","69.86","0","On Time"
"8820-BLYDZ","9/21/2013","10/21/2013","9/26/2013","78.8","0","On Time"
"7946-HJDUR","5/8/2013","6/7/2013","6/5/2013","41.83","0","On Time"
"8364-UWVLM","1/6/2012","2/5/2012","2/6/2012","70.34","1","1-30 days"
"8102-ABPKQ","8/14/2013","9/13/2013","9/20/2013","60.73","7","1-30 days"
"5196-TWQXF","9/30/2013","10/30/2013","10/21/2013","54.25","0","On Time"
"1080-NDGAE","7/9/2012","8/8/2012","8/23/2012","128.28","15","1-30 days"
"6833-ETVHD","11/1/2012","12/1/2012","11/25/2012","78.81","0","On Time"
"6632-CGYHU","5/23/2012","6/22/2012","6/5/2012","91.98","0","On Time"
"8690-EEBEO","5/25/2012","6/24/2012","7/15/2012","71.04","21","1-30 days"
"1447-YZKCL","12/8/2012","1/7/2013","1/7/2013","105.9","0","On Time"
"5613-UHVMG","4/17/2012","5/17/2012","6/14/2012","54.93","28","1-30 days"
"2423-QOKIO","9/1/2012","10/1/2012","9/26/2012","55.58","0","On Time"
"8887-NCUZC","10/21/2013","11/20/2013","11/21/2013","44.09","1","1-30 days"
"6627-ELFBK","7/6/2013","8/5/2013","8/3/2013","72.45","0","On Time"
"6708-DPYTF","2/24/2013","3/26/2013","4/6/2013","64.64","11","1-30 days"
"6833-ETVHD","1/23/2012","2/22/2012","2/26/2012","78.33","4","1-30 days"
"6004-KITZM","5/26/2012","6/25/2012","6/14/2012","44.96","0","On Time"
"0709-LZRJV","8/9/2013","9/8/2013","9/11/2013","66.55","3","1-30 days"
"3271-YDPUJ","6/21/2013","7/21/2013","7/9/2013","52.51","0","On Time"
"9174-IYKOC","2/24/2012","3/25/2012","3/20/2012","52.04","0","On Time"
"5924-UOPGH","5/24/2012","6/23/2012","6/18/2012","71.08","0","On Time"
"9725-EZTEJ","10/27/2012","11/26/2012","12/3/2012","72.34","7","1-30 days"
"1604-LIFKX","6/29/2012","7/29/2012","8/18/2012","42.62","20","1-30 days"
"6177-VTITE","11/3/2012","12/3/2012","11/15/2012","22.26","0","On Time"
"2687-XWAMA","9/18/2013","10/18/2013","9/23/2013","60.96","0","On Time"
"9117-LYRCE","10/25/2012","11/24/2012","11/25/2012","61.31","1","1-30 days"
"2824-HJQPP","3/27/2012","4/26/2012","4/17/2012","58.73","0","On Time"
"0187-ERLSR","5/21/2012","6/20/2012","6/4/2012","51.65","0","On Time"
"1080-NDGAE","11/17/2012","12/17/2012","12/5/2012","64.09","0","On Time"
"0625-TNJFG","9/8/2012","10/8/2012","10/2/2012","53.87","0","On Time"
"9323-NDIOV","11/26/2013","12/26/2013","12/24/2013","40.71","0","On Time"
"2676-DZINU","6/24/2013","7/24/2013","7/3/2013","68.67","0","On Time"
"7654-DOLHO","2/1/2012","3/2/2012","3/10/2012","20.47","8","1-30 days"
"5148-SYKLB","3/5/2013","4/4/2013","4/27/2013","79.49","23","1-30 days"
"7841-HROAQ","6/19/2012","7/19/2012","7/19/2012","58.2","0","On Time"
"9323-NDIOV","1/13/2012","2/12/2012","2/23/2012","78.49","11","1-30 days"
"8976-AMJEO","6/9/2013","7/9/2013","7/18/2013","87.79","9","1-30 days"
"0706-NRGUP","3/13/2012","4/12/2012","4/23/2012","16.62","11","1-30 days"
"5284-DJOZO","3/23/2013","4/22/2013","3/28/2013","47.67","0","On Time"
"5164-VMYWJ","3/27/2012","4/26/2012","4/24/2012","74.07","0","On Time"
"0709-LZRJV","3/6/2013","4/5/2013","4/29/2013","30.89","24","1-30 days"
"9841-XLGBV","5/6/2012","6/5/2012","6/3/2012","62.1","0","On Time"
"2125-HJDLA","12/11/2012","1/10/2013","1/15/2013","41.08","5","1-30 days"
"5164-VMYWJ","12/15/2012","1/14/2013","1/27/2013","59.5","13","1-30 days"
"0379-NEVHP","3/20/2012","4/19/2012","4/8/2012","103.64","0","On Time"
"6831-FIODB","11/10/2012","12/10/2012","12/10/2012","11.79","0","On Time"
"5613-UHVMG","11/16/2013","12/16/2013","12/23/2013","59.51","7","1-30 days"
"0709-LZRJV","4/17/2013","5/17/2013","5/22/2013","63.91","5","1-30 days"
"0379-NEVHP","1/25/2013","2/24/2013","2/11/2013","33.23","0","On Time"
"9286-VLKMI","6/18/2012","7/18/2012","6/23/2012","66.54","0","On Time"
"3676-CQAIF","1/13/2013","2/12/2013","3/2/2013","38.72","18","1-30 days"
"6391-GBFQJ","12/2/2013","1/1/2014","12/30/2013","8.38","0","On Time"
"1408-OQZUE","7/3/2013","8/2/2013","8/7/2013","35.2","5","1-30 days"
"9758-AIEIK","7/7/2013","8/6/2013","7/24/2013","44.13","0","On Time"
"8364-UWVLM","3/12/2013","4/11/2013","3/26/2013","86.69","0","On Time"
"6177-VTITE","6/11/2013","7/11/2013","6/24/2013","42.86","0","On Time"
"2824-HJQPP","2/5/2013","3/7/2013","2/26/2013","90.41","0","On Time"
"1408-OQZUE","6/24/2013","7/24/2013","8/11/2013","59.44","18","1-30 days"
"5164-VMYWJ","3/27/2013","4/26/2013","5/6/2013","126.31","10","1-30 days"
"5164-VMYWJ","9/15/2012","10/15/2012","10/22/2012","62.58","7","1-30 days"
"4460-ZXNDN","12/29/2012","1/28/2013","2/10/2013","58.9","13","1-30 days"
"9771-QTLGZ","11/28/2013","12/28/2013","12/24/2013","50.83","0","On Time"
"8156-PCYBM","3/18/2012","4/17/2012","4/26/2012","48.2","9","1-30 days"
"9181-HEKGV","11/14/2012","12/14/2012","12/15/2012","84.68","1","1-30 days"
"7209-MDWKR","3/13/2013","4/12/2013","4/22/2013","57.41","10","1-30 days"
"8389-TCXFQ","5/3/2013","6/2/2013","5/23/2013","85.99","0","On Time"
"9758-AIEIK","10/31/2013","11/30/2013","11/12/2013","55.65","0","On Time"
"7946-HJDUR","3/30/2012","4/29/2012","4/26/2012","50.1","0","On Time"
"7209-MDWKR","4/9/2012","5/9/2012","5/7/2012","54.82","0","On Time"
"5592-UQXSS","9/20/2013","10/20/2013","10/6/2013","49.54","0","On Time"
"3271-YDPUJ","5/29/2012","6/28/2012","6/22/2012","53.67","0","On Time"
"6632-CGYHU","12/7/2012","1/6/2013","12/30/2012","73.22","0","On Time"
"7856-ODQFO","11/4/2013","12/4/2013","11/19/2013","21.73","0","On Time"
"3831-FXWYK","12/1/2013","12/31/2013","1/4/2014","86.29","4","1-30 days"
"0709-LZRJV","9/3/2012","10/3/2012","10/9/2012","42.67","6","1-30 days"
"9725-EZTEJ","12/26/2012","1/25/2013","1/29/2013","71.12","4","1-30 days"
"5148-SYKLB","10/4/2013","11/3/2013","10/27/2013","76.18","0","On Time"
"5529-TBPGK","6/4/2013","7/4/2013","7/7/2013","68.4","3","1-30 days"
"4640-FGEJI","4/24/2012","5/24/2012","5/22/2012","74.19","0","On Time"
"9212-BTDMX","7/27/2013","8/26/2013","8/8/2013","68.07","0","On Time"
"9014-WENVB","11/26/2012","12/26/2012","12/25/2012","65.19","0","On Time"
"3676-CQAIF","1/15/2012","2/14/2012","2/22/2012","48.06","8","1-30 days"
"8102-ABPKQ","11/18/2012","12/18/2012","1/2/2013","74.16","15","1-30 days"
"5924-UOPGH","9/8/2012","10/8/2012","10/15/2012","93.09","7","1-30 days"
"5529-TBPGK","6/10/2013","7/10/2013","7/5/2013","38.95","0","On Time"
"9323-NDIOV","3/31/2012","4/30/2012","4/28/2012","28.3","0","On Time"
"5148-SYKLB","9/21/2012","10/21/2012","10/28/2012","59","7","1-30 days"
"6708-DPYTF","10/18/2013","11/17/2013","12/1/2013","79.61","14","1-30 days"
"9841-XLGBV","9/19/2012","10/19/2012","10/13/2012","38.25","0","On Time"
"7856-ODQFO","7/2/2012","8/1/2012","7/27/2012","67.59","0","On Time"
"7050-KQLDO","4/27/2012","5/27/2012","5/18/2012","53.16","0","On Time"
"9758-AIEIK","7/4/2013","8/3/2013","7/18/2013","68.66","0","On Time"
